<dialog id="1">
	<options right-speaker="Oscar" value="You don't look like you're from around here.">
		<option left-speaker="Kenzo" value="I've lived here all my life!">
			<options right-speaker="Oscar" id="bowler" value="Oh really? Then you must know Mr.Bowler.">
				<option left-speaker="Kenzo" value="Mr.Bowler is a good friend of mine!">
					<line right-speaker="Oscar" value="You liar! There ain't no Mr.Bowler, I made him up!"></line>
				</option>
				<option left-speaker="Kenzo" value="Who?">
					<line right-speaker="Oscar" id="end-eat" value="Don't worry about it. Do you want something to eat?"></line>
				</option>
			</options>
		</option>
		<option left-speaker="Kenzo" value="I came here from Barcelona.">
			<options right-speaker="Oscar" value="Barcelona, eh? I heard there's trouble brewing there">
				<option left-speaker="Kenzo" value="I haven't heard about any trouble.">
					<goto route="end-eat"></goto>
				</option>
				<option left-speaker="Kenzo" value="Did I say Barcelona? I'm actually from Springfield.">
					<goto route="bowler"></goto>
				</option> 
			</options>
		</option>
	</options>
</dialog>