<dialog id="17">
	<line left-speaker="Erika" right-speaker="None" value="Hello, Kenzo. Hi Maki."></line>
	<line left-speaker="Maki" right-speaker="None" value="Woof!"></line>
	<line left-speaker="Kenzo" right-speaker="None" value="Erika??!!"></line>
	<line left-speaker="Erika" right-speaker="None" value="Apparently I have unresolved business so here I am."></line>
	<line left-speaker="Erika" right-speaker="None" value="You already know what Takada did, right?"></line>
	<line left-speaker="Kenzo" right-speaker="None" value="I do..."></line>
	<line left-speaker="Erika" right-speaker="None" value="I know I you will be a good successor and not let my restaurants die."></line>
	<line left-speaker="Kenzo" right-speaker="None" value="But I don't know what to do... He already has the vault..."></line>
	<line left-speaker="Kenzo" right-speaker="None" value="he probably opened it already!"></line>
	<line left-speaker="Erika" right-speaker="None" value="He can't. I made sure nobody could open it by force without destroying"></line>
	<line left-speaker="Erika" right-speaker="None" value="what's inside. He needs the three keys to open it."></line>
	<line left-speaker="Kenzo" right-speaker="None" value="Where are they?"></line>
	<line left-speaker="Erika" right-speaker="None" value="Two of them were given to the two head chefs or my other restaurants."></line>
	<line left-speaker="Erika" right-speaker="None" value="Takada already suspects it, but I trust them not to give in easily."></line>
	<line left-speaker="Erika" right-speaker="None" value="The third one... is here."></line>
	<line left-speaker="None" right-speaker="None" value="You received a vault key!"></line>
	<line left-speaker="Kenzo" right-speaker="None" value="Don't worry Erika. I will get the keys and save your restaurants."></line>
	<line left-speaker="Kenzo" right-speaker="None" value="I'm happy I got to say goodbye... Thank you for everything."></line>
	<line left-speaker="Erika" right-speaker="None" value="I'm proud of you Kenzo. Now I can finally rest... goodbye."></line>
	<line left-speaker="Maki" right-speaker="None" value="Woof..."></line>
	<line left-speaker="Kenzo" right-speaker="None" value="Don't be sad, Maki, she lived a great life."></line>
</dialog>


