<dialog id="17">
	<line right-speaker="Erika" value="Hello, Kenzo. Hi Maki."></line>
	<line left-speaker="Maki" value="Woof!"></line>
	<line left-speaker="Kenzo" value="Erika??!!"></line>
	<line right-speaker="Erika" value="Apparently I have unresolved business so here I am. You already know what Takada did, right?"></line>
	<line left-speaker="Kenzo" value="I do..."></line>
	<line right-speaker="Erika" value="I know I you will be a good successor and not let my restaurants die without my recipe."></line>
	<line left-speaker="Kenzo" value="But I don't know what to do... He already has the vault, he probably opened it already!"></line>
	<line right-speaker="Erika" value="He can't. I made sure nobody could open it by force without destroying what's inside. He needs the three keys to open it."></line>
	<line left-speaker="Kenzo" value="Where are they?"></line>
	<line right-speaker="Erika" value="Two of them were given to my other two head chefs or my other two restaurants. Takada already suspects it, I'm sure, but I trust them not to give in easily."></line>
	<line right-speaker="Erika" value="The third one... is here."></line>
	<line left-speaker="None" value="You received a vault key!"></line>
	<line left-speaker="Kenzo" value="Don't worry Erika. I will get the keys and save your restaurants. I'm happy I got to say goodbye... Thank you for everything."></line>
	<line right-speaker="Erika" value="I'm proud of you Kenzo. Now I can finally rest... goodbye."></line>
	<line left-speaker="Maki" value="Woof..."></line>
	<line left-speaker="Kenzo" value="Don't be sad, Maki, she lived a great life and she's now in a better place. We will avenge her."></line>
</dialog>


