<dialog id="23">
	<line left-speaker="Kenzo" right-speaker="None" value="Look, the higher floor buttons need keys to be pressed!"></line>
	<line left-speaker="Eiken" right-speaker="None" value="It's so the lower rank workers can't get any higher, where the important stuff happens."></line>
	<line left-speaker="Kenzo" right-speaker="None" value="Somebody in this floor has to have the keys."></line>
	<line left-speaker="Rei" right-speaker="None" value="Let's find it guys."></line>
	<line left-speaker="Maki" right-speaker="None" value="Woof!"></line>
</dialog>


