<dialog id="26">
	<line left-speaker="Kenzo" right-speaker="None" value="Here we go guys. Let's avenge Erika"></line>
	<line left-speaker="Takada" right-speaker="None" value="What are you doing in my building kids!"></line>
	<line left-speaker="Kenzo" right-speaker="None" value="We know what you did! Erika sends us to make you pay for it and to get her recipe back!"></line>
	<line left-speaker="Rei" right-speaker="None" value="We are going to avenge her!"></line>
	<line left-speaker="Eiken" right-speaker="None" value="Prepare to fight!"></line>
	<line left-speaker="Maki" right-speaker="None" value="Woof!"></line>
</dialog>


