<dialog id="27">
	<line left-speaker="Kenzo" right-speaker="None" value="This is it Takada, you lost."></line>
	<line left-speaker="Takada" right-speaker="None" value="I will never give up! The Dragon's Breath will be mine!"></line>
	<line left-speaker="Rei" right-speaker="None" value="I don't think so! We are going to call the police!"></line>
	<line left-speaker="Eiken" right-speaker="None" value="What will they think about you having the stolen vault in your office?"></line>
	<line left-speaker="Takada" right-speaker="None" value="No!!! I am very powerful!!! This can't be happening!!!"></line>
</dialog>


