<dialog id="7">
	<options left-speaker="Kenzo" right-speaker="Receptionist" value="Hello, what brings you to the Takada building?">
		<option left-speaker="Kenzo" right-speaker="Receptionist" value="I come to face Takada!">
			<options left-speaker="Kenzo" right-speaker="Receptionist" value="Are you kidding me?">
				<option left-speaker="Kenzo" right-speaker="Receptionist" value="No, I'm very serious...">
					<line left-speaker="Kenzo" right-speaker="Receptionist" value="Help! There is a madman who wants to confront Takada!"></line>
				</option>
				<option left-speaker="Kenzo" right-speaker="Receptionist" value="I'm joking hehehe">
          <line left-speaker="Kenzo" right-speaker="Receptionist" value="Oof, what do you want then?"></line>
					<line left-speaker="Kenzo" right-speaker="Receptionist" value="Hahaha, I just came to see the new offices..."></line>
				</option>
      </options>
		</option>		
		<option left-speaker="Kenzo" right-speaker="Receptionist" value="I come to arrange some things for a new restaurant opening.">
			<line left-speaker="Kenzo" right-speaker="Receptionist" value="Oh, then come in.."></line>
			<line left-speaker="Kenzo" right-speaker="Receptionist" value="The combination is 1->2 2->3 3->1"></line>
			<line left-speaker="Kenzo" right-speaker="Receptionist" value="Nice!"></line>
		</option>
	</options>
</dialog>