<dialog id="7">
	<options speaker="Receptionist" value="Hello, what brings you to the Takada building?">
		<option value="I come to face Takada!">
			<options speaker="Receptionist" value="Are you kidding me?">
				<option value="No, I'm very serious...">
					<line speaker="Receptionist" value="Help! There is a madman who wants to confront Takada!"></line>
				</option>
				<option value="I'm joking hehehe">
          <line speaker="Receptionist" value="Oof, what do you want then?"></line>
					<line value="Hahaha, I just came to see the new offices..."></line>
				</option>
      </options>
		</option>		
		<option value="I have run out of internet... I come to buy a router.">
			<line speaker="Receptionist" value="Oh, then come in, we have a large variety to choose!"></line>
			<line value="Nice!"></line>
		</option>
	</options>
</dialog>