<?xml version="1.0" encoding="utf-8" ?>
<!--
    rTexPacker XML atlas descriptor file (v1.0)
    Number of packed sprites:     95

    NOTE: This atlas contains a sprite font description
-->
<AtlasTexture imagePath='comic_serif.png' width='512' height='512' spriteCount='95' isFont='1' fontSize='68'>
    <Sprite nameId='HVD_Comic_Serif_Pro' originX='0' originY='0' positionX='0' positionY='0' sourceSizeWidth='21' sourceSizeHeight='68' padding='2' trimmed='0' trimRecX='0' trimRecY='0' trimRecWidth='0' trimRecHeight='0' charValue='32' charOffsetX='0' charOffsetY='0' charAdvanceX='21' />
    <Sprite nameId='HVD_Comic_Serif_Pro' originX='0' originY='0' positionX='25' positionY='0' sourceSizeWidth='13' sourceSizeHeight='68' padding='2' trimmed='0' trimRecX='0' trimRecY='15' trimRecWidth='13' trimRecHeight='37' charValue='33' charOffsetX='1' charOffsetY='0' charAdvanceX='15' />
    <Sprite nameId='HVD_Comic_Serif_Pro' originX='0' originY='0' positionX='42' positionY='0' sourceSizeWidth='19' sourceSizeHeight='68' padding='2' trimmed='0' trimRecX='0' trimRecY='14' trimRecWidth='19' trimRecHeight='13' charValue='34' charOffsetX='2' charOffsetY='0' charAdvanceX='22' />
    <Sprite nameId='HVD_Comic_Serif_Pro' originX='0' originY='0' positionX='65' positionY='0' sourceSizeWidth='29' sourceSizeHeight='68' padding='2' trimmed='0' trimRecX='0' trimRecY='15' trimRecWidth='29' trimRecHeight='37' charValue='35' charOffsetX='1' charOffsetY='0' charAdvanceX='30' />
    <Sprite nameId='HVD_Comic_Serif_Pro' originX='0' originY='0' positionX='98' positionY='0' sourceSizeWidth='26' sourceSizeHeight='68' padding='2' trimmed='0' trimRecX='0' trimRecY='9' trimRecWidth='26' trimRecHeight='48' charValue='36' charOffsetX='1' charOffsetY='0' charAdvanceX='28' />
    <Sprite nameId='HVD_Comic_Serif_Pro' originX='0' originY='0' positionX='128' positionY='0' sourceSizeWidth='39' sourceSizeHeight='68' padding='2' trimmed='0' trimRecX='0' trimRecY='15' trimRecWidth='39' trimRecHeight='38' charValue='37' charOffsetX='1' charOffsetY='0' charAdvanceX='41' />
    <Sprite nameId='HVD_Comic_Serif_Pro' originX='0' originY='0' positionX='171' positionY='0' sourceSizeWidth='41' sourceSizeHeight='68' padding='2' trimmed='0' trimRecX='0' trimRecY='14' trimRecWidth='41' trimRecHeight='39' charValue='38' charOffsetX='1' charOffsetY='0' charAdvanceX='42' />
    <Sprite nameId='HVD_Comic_Serif_Pro' originX='0' originY='0' positionX='216' positionY='0' sourceSizeWidth='10' sourceSizeHeight='68' padding='2' trimmed='0' trimRecX='0' trimRecY='14' trimRecWidth='10' trimRecHeight='13' charValue='39' charOffsetX='2' charOffsetY='0' charAdvanceX='14' />
    <Sprite nameId='HVD_Comic_Serif_Pro' originX='0' originY='0' positionX='230' positionY='0' sourceSizeWidth='19' sourceSizeHeight='68' padding='2' trimmed='0' trimRecX='0' trimRecY='13' trimRecWidth='19' trimRecHeight='42' charValue='40' charOffsetX='0' charOffsetY='0' charAdvanceX='20' />
    <Sprite nameId='HVD_Comic_Serif_Pro' originX='0' originY='0' positionX='253' positionY='0' sourceSizeWidth='18' sourceSizeHeight='68' padding='2' trimmed='0' trimRecX='0' trimRecY='13' trimRecWidth='18' trimRecHeight='42' charValue='41' charOffsetX='1' charOffsetY='0' charAdvanceX='20' />
    <Sprite nameId='HVD_Comic_Serif_Pro' originX='0' originY='0' positionX='275' positionY='0' sourceSizeWidth='19' sourceSizeHeight='68' padding='2' trimmed='0' trimRecX='0' trimRecY='12' trimRecWidth='19' trimRecHeight='19' charValue='42' charOffsetX='1' charOffsetY='0' charAdvanceX='20' />
    <Sprite nameId='HVD_Comic_Serif_Pro' originX='0' originY='0' positionX='298' positionY='0' sourceSizeWidth='29' sourceSizeHeight='68' padding='2' trimmed='0' trimRecX='0' trimRecY='18' trimRecWidth='29' trimRecHeight='30' charValue='43' charOffsetX='1' charOffsetY='0' charAdvanceX='31' />
    <Sprite nameId='HVD_Comic_Serif_Pro' originX='0' originY='0' positionX='331' positionY='0' sourceSizeWidth='13' sourceSizeHeight='68' padding='2' trimmed='0' trimRecX='0' trimRecY='41' trimRecWidth='12' trimRecHeight='22' charValue='44' charOffsetX='2' charOffsetY='0' charAdvanceX='15' />
    <Sprite nameId='HVD_Comic_Serif_Pro' originX='0' originY='0' positionX='348' positionY='0' sourceSizeWidth='17' sourceSizeHeight='68' padding='2' trimmed='0' trimRecX='0' trimRecY='33' trimRecWidth='17' trimRecHeight='10' charValue='45' charOffsetX='2' charOffsetY='0' charAdvanceX='21' />
    <Sprite nameId='HVD_Comic_Serif_Pro' originX='0' originY='0' positionX='369' positionY='0' sourceSizeWidth='11' sourceSizeHeight='68' padding='2' trimmed='0' trimRecX='0' trimRecY='41' trimRecWidth='11' trimRecHeight='11' charValue='46' charOffsetX='2' charOffsetY='0' charAdvanceX='15' />
    <Sprite nameId='HVD_Comic_Serif_Pro' originX='0' originY='0' positionX='384' positionY='0' sourceSizeWidth='22' sourceSizeHeight='68' padding='2' trimmed='0' trimRecX='0' trimRecY='13' trimRecWidth='22' trimRecHeight='40' charValue='47' charOffsetX='1' charOffsetY='0' charAdvanceX='25' />
    <Sprite nameId='HVD_Comic_Serif_Pro' originX='0' originY='0' positionX='410' positionY='0' sourceSizeWidth='28' sourceSizeHeight='68' padding='2' trimmed='0' trimRecX='0' trimRecY='15' trimRecWidth='28' trimRecHeight='38' charValue='48' charOffsetX='1' charOffsetY='0' charAdvanceX='29' />
    <Sprite nameId='HVD_Comic_Serif_Pro' originX='0' originY='0' positionX='442' positionY='0' sourceSizeWidth='23' sourceSizeHeight='68' padding='2' trimmed='0' trimRecX='0' trimRecY='14' trimRecWidth='23' trimRecHeight='38' charValue='49' charOffsetX='1' charOffsetY='0' charAdvanceX='25' />
    <Sprite nameId='HVD_Comic_Serif_Pro' originX='0' originY='0' positionX='469' positionY='0' sourceSizeWidth='25' sourceSizeHeight='68' padding='2' trimmed='0' trimRecX='0' trimRecY='15' trimRecWidth='25' trimRecHeight='37' charValue='50' charOffsetX='1' charOffsetY='0' charAdvanceX='26' />
    <Sprite nameId='HVD_Comic_Serif_Pro' originX='0' originY='0' positionX='0' positionY='72' sourceSizeWidth='25' sourceSizeHeight='68' padding='2' trimmed='0' trimRecX='0' trimRecY='15' trimRecWidth='25' trimRecHeight='37' charValue='51' charOffsetX='1' charOffsetY='0' charAdvanceX='26' />
    <Sprite nameId='HVD_Comic_Serif_Pro' originX='0' originY='0' positionX='29' positionY='72' sourceSizeWidth='25' sourceSizeHeight='68' padding='2' trimmed='0' trimRecX='0' trimRecY='15' trimRecWidth='25' trimRecHeight='37' charValue='52' charOffsetX='1' charOffsetY='0' charAdvanceX='27' />
    <Sprite nameId='HVD_Comic_Serif_Pro' originX='0' originY='0' positionX='58' positionY='72' sourceSizeWidth='25' sourceSizeHeight='68' padding='2' trimmed='0' trimRecX='0' trimRecY='15' trimRecWidth='25' trimRecHeight='37' charValue='53' charOffsetX='0' charOffsetY='0' charAdvanceX='25' />
    <Sprite nameId='HVD_Comic_Serif_Pro' originX='0' originY='0' positionX='87' positionY='72' sourceSizeWidth='25' sourceSizeHeight='68' padding='2' trimmed='0' trimRecX='0' trimRecY='15' trimRecWidth='25' trimRecHeight='37' charValue='54' charOffsetX='1' charOffsetY='0' charAdvanceX='26' />
    <Sprite nameId='HVD_Comic_Serif_Pro' originX='0' originY='0' positionX='116' positionY='72' sourceSizeWidth='29' sourceSizeHeight='68' padding='2' trimmed='0' trimRecX='1' trimRecY='15' trimRecWidth='28' trimRecHeight='37' charValue='55' charOffsetX='0' charOffsetY='0' charAdvanceX='29' />
    <Sprite nameId='HVD_Comic_Serif_Pro' originX='0' originY='0' positionX='149' positionY='72' sourceSizeWidth='27' sourceSizeHeight='68' padding='2' trimmed='0' trimRecX='0' trimRecY='15' trimRecWidth='27' trimRecHeight='37' charValue='56' charOffsetX='1' charOffsetY='0' charAdvanceX='29' />
    <Sprite nameId='HVD_Comic_Serif_Pro' originX='0' originY='0' positionX='180' positionY='72' sourceSizeWidth='25' sourceSizeHeight='68' padding='2' trimmed='0' trimRecX='0' trimRecY='15' trimRecWidth='25' trimRecHeight='38' charValue='57' charOffsetX='1' charOffsetY='0' charAdvanceX='26' />
    <Sprite nameId='HVD_Comic_Serif_Pro' originX='0' originY='0' positionX='209' positionY='72' sourceSizeWidth='11' sourceSizeHeight='68' padding='2' trimmed='0' trimRecX='0' trimRecY='23' trimRecWidth='11' trimRecHeight='29' charValue='58' charOffsetX='2' charOffsetY='0' charAdvanceX='15' />
    <Sprite nameId='HVD_Comic_Serif_Pro' originX='0' originY='0' positionX='224' positionY='72' sourceSizeWidth='13' sourceSizeHeight='68' padding='2' trimmed='0' trimRecX='0' trimRecY='23' trimRecWidth='12' trimRecHeight='40' charValue='59' charOffsetX='2' charOffsetY='0' charAdvanceX='15' />
    <Sprite nameId='HVD_Comic_Serif_Pro' originX='0' originY='0' positionX='241' positionY='72' sourceSizeWidth='24' sourceSizeHeight='68' padding='2' trimmed='0' trimRecX='0' trimRecY='24' trimRecWidth='24' trimRecHeight='22' charValue='60' charOffsetX='1' charOffsetY='0' charAdvanceX='25' />
    <Sprite nameId='HVD_Comic_Serif_Pro' originX='0' originY='0' positionX='269' positionY='72' sourceSizeWidth='23' sourceSizeHeight='68' padding='2' trimmed='0' trimRecX='0' trimRecY='27' trimRecWidth='23' trimRecHeight='16' charValue='61' charOffsetX='1' charOffsetY='0' charAdvanceX='25' />
    <Sprite nameId='HVD_Comic_Serif_Pro' originX='0' originY='0' positionX='296' positionY='72' sourceSizeWidth='23' sourceSizeHeight='68' padding='2' trimmed='0' trimRecX='0' trimRecY='24' trimRecWidth='22' trimRecHeight='24' charValue='62' charOffsetX='2' charOffsetY='0' charAdvanceX='25' />
    <Sprite nameId='HVD_Comic_Serif_Pro' originX='0' originY='0' positionX='323' positionY='72' sourceSizeWidth='23' sourceSizeHeight='68' padding='2' trimmed='0' trimRecX='0' trimRecY='15' trimRecWidth='23' trimRecHeight='37' charValue='63' charOffsetX='3' charOffsetY='0' charAdvanceX='26' />
    <Sprite nameId='HVD_Comic_Serif_Pro' originX='0' originY='0' positionX='350' positionY='72' sourceSizeWidth='49' sourceSizeHeight='68' padding='2' trimmed='0' trimRecX='0' trimRecY='14' trimRecWidth='49' trimRecHeight='44' charValue='64' charOffsetX='0' charOffsetY='0' charAdvanceX='50' />
    <Sprite nameId='HVD_Comic_Serif_Pro' originX='0' originY='0' positionX='403' positionY='72' sourceSizeWidth='33' sourceSizeHeight='68' padding='2' trimmed='0' trimRecX='0' trimRecY='15' trimRecWidth='33' trimRecHeight='37' charValue='65' charOffsetX='1' charOffsetY='0' charAdvanceX='35' />
    <Sprite nameId='HVD_Comic_Serif_Pro' originX='0' originY='0' positionX='440' positionY='72' sourceSizeWidth='31' sourceSizeHeight='68' padding='2' trimmed='0' trimRecX='0' trimRecY='15' trimRecWidth='31' trimRecHeight='37' charValue='66' charOffsetX='1' charOffsetY='0' charAdvanceX='32' />
    <Sprite nameId='HVD_Comic_Serif_Pro' originX='0' originY='0' positionX='475' positionY='72' sourceSizeWidth='30' sourceSizeHeight='68' padding='2' trimmed='0' trimRecX='0' trimRecY='15' trimRecWidth='30' trimRecHeight='37' charValue='67' charOffsetX='1' charOffsetY='0' charAdvanceX='31' />
    <Sprite nameId='HVD_Comic_Serif_Pro' originX='0' originY='0' positionX='0' positionY='144' sourceSizeWidth='33' sourceSizeHeight='68' padding='2' trimmed='0' trimRecX='1' trimRecY='15' trimRecWidth='32' trimRecHeight='38' charValue='68' charOffsetX='0' charOffsetY='0' charAdvanceX='33' />
    <Sprite nameId='HVD_Comic_Serif_Pro' originX='0' originY='0' positionX='37' positionY='144' sourceSizeWidth='30' sourceSizeHeight='68' padding='2' trimmed='0' trimRecX='0' trimRecY='15' trimRecWidth='30' trimRecHeight='37' charValue='69' charOffsetX='2' charOffsetY='0' charAdvanceX='32' />
    <Sprite nameId='HVD_Comic_Serif_Pro' originX='0' originY='0' positionX='71' positionY='144' sourceSizeWidth='29' sourceSizeHeight='68' padding='2' trimmed='0' trimRecX='0' trimRecY='16' trimRecWidth='29' trimRecHeight='36' charValue='70' charOffsetX='1' charOffsetY='0' charAdvanceX='30' />
    <Sprite nameId='HVD_Comic_Serif_Pro' originX='0' originY='0' positionX='104' positionY='144' sourceSizeWidth='36' sourceSizeHeight='68' padding='2' trimmed='0' trimRecX='0' trimRecY='14' trimRecWidth='36' trimRecHeight='39' charValue='71' charOffsetX='1' charOffsetY='0' charAdvanceX='38' />
    <Sprite nameId='HVD_Comic_Serif_Pro' originX='0' originY='0' positionX='144' positionY='144' sourceSizeWidth='36' sourceSizeHeight='68' padding='2' trimmed='0' trimRecX='0' trimRecY='15' trimRecWidth='36' trimRecHeight='37' charValue='72' charOffsetX='1' charOffsetY='0' charAdvanceX='37' />
    <Sprite nameId='HVD_Comic_Serif_Pro' originX='0' originY='0' positionX='184' positionY='144' sourceSizeWidth='20' sourceSizeHeight='68' padding='2' trimmed='0' trimRecX='1' trimRecY='15' trimRecWidth='18' trimRecHeight='37' charValue='73' charOffsetX='1' charOffsetY='0' charAdvanceX='21' />
    <Sprite nameId='HVD_Comic_Serif_Pro' originX='0' originY='0' positionX='208' positionY='144' sourceSizeWidth='29' sourceSizeHeight='68' padding='2' trimmed='0' trimRecX='0' trimRecY='15' trimRecWidth='29' trimRecHeight='39' charValue='74' charOffsetX='0' charOffsetY='0' charAdvanceX='29' />
    <Sprite nameId='HVD_Comic_Serif_Pro' originX='0' originY='0' positionX='241' positionY='144' sourceSizeWidth='33' sourceSizeHeight='68' padding='2' trimmed='0' trimRecX='0' trimRecY='15' trimRecWidth='33' trimRecHeight='37' charValue='75' charOffsetX='1' charOffsetY='0' charAdvanceX='35' />
    <Sprite nameId='HVD_Comic_Serif_Pro' originX='0' originY='0' positionX='278' positionY='144' sourceSizeWidth='27' sourceSizeHeight='68' padding='2' trimmed='0' trimRecX='0' trimRecY='15' trimRecWidth='27' trimRecHeight='37' charValue='76' charOffsetX='1' charOffsetY='0' charAdvanceX='28' />
    <Sprite nameId='HVD_Comic_Serif_Pro' originX='0' originY='0' positionX='309' positionY='144' sourceSizeWidth='38' sourceSizeHeight='68' padding='2' trimmed='0' trimRecX='0' trimRecY='15' trimRecWidth='38' trimRecHeight='37' charValue='77' charOffsetX='1' charOffsetY='0' charAdvanceX='39' />
    <Sprite nameId='HVD_Comic_Serif_Pro' originX='0' originY='0' positionX='351' positionY='144' sourceSizeWidth='35' sourceSizeHeight='68' padding='2' trimmed='0' trimRecX='0' trimRecY='15' trimRecWidth='35' trimRecHeight='37' charValue='78' charOffsetX='0' charOffsetY='0' charAdvanceX='35' />
    <Sprite nameId='HVD_Comic_Serif_Pro' originX='0' originY='0' positionX='390' positionY='144' sourceSizeWidth='34' sourceSizeHeight='68' padding='2' trimmed='0' trimRecX='0' trimRecY='15' trimRecWidth='34' trimRecHeight='37' charValue='79' charOffsetX='1' charOffsetY='0' charAdvanceX='36' />
    <Sprite nameId='HVD_Comic_Serif_Pro' originX='0' originY='0' positionX='428' positionY='144' sourceSizeWidth='28' sourceSizeHeight='68' padding='2' trimmed='0' trimRecX='0' trimRecY='15' trimRecWidth='28' trimRecHeight='37' charValue='80' charOffsetX='1' charOffsetY='0' charAdvanceX='29' />
    <Sprite nameId='HVD_Comic_Serif_Pro' originX='0' originY='0' positionX='460' positionY='144' sourceSizeWidth='34' sourceSizeHeight='68' padding='2' trimmed='0' trimRecX='0' trimRecY='15' trimRecWidth='34' trimRecHeight='49' charValue='81' charOffsetX='1' charOffsetY='0' charAdvanceX='36' />
    <Sprite nameId='HVD_Comic_Serif_Pro' originX='0' originY='0' positionX='0' positionY='216' sourceSizeWidth='33' sourceSizeHeight='68' padding='2' trimmed='0' trimRecX='0' trimRecY='15' trimRecWidth='33' trimRecHeight='37' charValue='82' charOffsetX='1' charOffsetY='0' charAdvanceX='34' />
    <Sprite nameId='HVD_Comic_Serif_Pro' originX='0' originY='0' positionX='37' positionY='216' sourceSizeWidth='26' sourceSizeHeight='68' padding='2' trimmed='0' trimRecX='0' trimRecY='14' trimRecWidth='26' trimRecHeight='38' charValue='83' charOffsetX='1' charOffsetY='0' charAdvanceX='28' />
    <Sprite nameId='HVD_Comic_Serif_Pro' originX='0' originY='0' positionX='67' positionY='216' sourceSizeWidth='33' sourceSizeHeight='68' padding='2' trimmed='0' trimRecX='0' trimRecY='14' trimRecWidth='33' trimRecHeight='38' charValue='84' charOffsetX='0' charOffsetY='0' charAdvanceX='34' />
    <Sprite nameId='HVD_Comic_Serif_Pro' originX='0' originY='0' positionX='104' positionY='216' sourceSizeWidth='36' sourceSizeHeight='68' padding='2' trimmed='0' trimRecX='0' trimRecY='15' trimRecWidth='36' trimRecHeight='37' charValue='85' charOffsetX='0' charOffsetY='0' charAdvanceX='36' />
    <Sprite nameId='HVD_Comic_Serif_Pro' originX='0' originY='0' positionX='144' positionY='216' sourceSizeWidth='35' sourceSizeHeight='68' padding='2' trimmed='0' trimRecX='0' trimRecY='15' trimRecWidth='35' trimRecHeight='37' charValue='86' charOffsetX='1' charOffsetY='0' charAdvanceX='36' />
    <Sprite nameId='HVD_Comic_Serif_Pro' originX='0' originY='0' positionX='183' positionY='216' sourceSizeWidth='48' sourceSizeHeight='68' padding='2' trimmed='0' trimRecX='1' trimRecY='16' trimRecWidth='47' trimRecHeight='36' charValue='87' charOffsetX='0' charOffsetY='0' charAdvanceX='48' />
    <Sprite nameId='HVD_Comic_Serif_Pro' originX='0' originY='0' positionX='235' positionY='216' sourceSizeWidth='35' sourceSizeHeight='68' padding='2' trimmed='0' trimRecX='0' trimRecY='15' trimRecWidth='35' trimRecHeight='37' charValue='88' charOffsetX='2' charOffsetY='0' charAdvanceX='37' />
    <Sprite nameId='HVD_Comic_Serif_Pro' originX='0' originY='0' positionX='274' positionY='216' sourceSizeWidth='33' sourceSizeHeight='68' padding='2' trimmed='0' trimRecX='0' trimRecY='15' trimRecWidth='33' trimRecHeight='37' charValue='89' charOffsetX='1' charOffsetY='0' charAdvanceX='35' />
    <Sprite nameId='HVD_Comic_Serif_Pro' originX='0' originY='0' positionX='311' positionY='216' sourceSizeWidth='30' sourceSizeHeight='68' padding='2' trimmed='0' trimRecX='0' trimRecY='15' trimRecWidth='30' trimRecHeight='36' charValue='90' charOffsetX='1' charOffsetY='0' charAdvanceX='32' />
    <Sprite nameId='HVD_Comic_Serif_Pro' originX='0' originY='0' positionX='345' positionY='216' sourceSizeWidth='16' sourceSizeHeight='68' padding='2' trimmed='0' trimRecX='0' trimRecY='14' trimRecWidth='16' trimRecHeight='50' charValue='91' charOffsetX='2' charOffsetY='0' charAdvanceX='19' />
    <Sprite nameId='HVD_Comic_Serif_Pro' originX='0' originY='0' positionX='365' positionY='216' sourceSizeWidth='22' sourceSizeHeight='68' padding='2' trimmed='0' trimRecX='0' trimRecY='13' trimRecWidth='22' trimRecHeight='40' charValue='92' charOffsetX='1' charOffsetY='0' charAdvanceX='25' />
    <Sprite nameId='HVD_Comic_Serif_Pro' originX='0' originY='0' positionX='391' positionY='216' sourceSizeWidth='16' sourceSizeHeight='68' padding='2' trimmed='0' trimRecX='0' trimRecY='15' trimRecWidth='16' trimRecHeight='48' charValue='93' charOffsetX='2' charOffsetY='0' charAdvanceX='19' />
    <Sprite nameId='HVD_Comic_Serif_Pro' originX='0' originY='0' positionX='411' positionY='216' sourceSizeWidth='21' sourceSizeHeight='68' padding='2' trimmed='0' trimRecX='0' trimRecY='9' trimRecWidth='21' trimRecHeight='14' charValue='94' charOffsetX='0' charOffsetY='0' charAdvanceX='21' />
    <Sprite nameId='HVD_Comic_Serif_Pro' originX='0' originY='0' positionX='436' positionY='216' sourceSizeWidth='25' sourceSizeHeight='68' padding='2' trimmed='0' trimRecX='1' trimRecY='50' trimRecWidth='24' trimRecHeight='6' charValue='95' charOffsetX='1' charOffsetY='0' charAdvanceX='27' />
    <Sprite nameId='HVD_Comic_Serif_Pro' originX='0' originY='0' positionX='465' positionY='216' sourceSizeWidth='18' sourceSizeHeight='68' padding='2' trimmed='0' trimRecX='0' trimRecY='10' trimRecWidth='18' trimRecHeight='13' charValue='96' charOffsetX='2' charOffsetY='0' charAdvanceX='21' />
    <Sprite nameId='HVD_Comic_Serif_Pro' originX='0' originY='0' positionX='0' positionY='288' sourceSizeWidth='31' sourceSizeHeight='68' padding='2' trimmed='0' trimRecX='0' trimRecY='25' trimRecWidth='31' trimRecHeight='27' charValue='97' charOffsetX='1' charOffsetY='0' charAdvanceX='32' />
    <Sprite nameId='HVD_Comic_Serif_Pro' originX='0' originY='0' positionX='35' positionY='288' sourceSizeWidth='31' sourceSizeHeight='68' padding='2' trimmed='0' trimRecX='0' trimRecY='14' trimRecWidth='31' trimRecHeight='38' charValue='98' charOffsetX='1' charOffsetY='0' charAdvanceX='32' />
    <Sprite nameId='HVD_Comic_Serif_Pro' originX='0' originY='0' positionX='70' positionY='288' sourceSizeWidth='26' sourceSizeHeight='68' padding='2' trimmed='0' trimRecX='0' trimRecY='24' trimRecWidth='25' trimRecHeight='28' charValue='99' charOffsetX='1' charOffsetY='0' charAdvanceX='27' />
    <Sprite nameId='HVD_Comic_Serif_Pro' originX='0' originY='0' positionX='100' positionY='288' sourceSizeWidth='31' sourceSizeHeight='68' padding='2' trimmed='0' trimRecX='0' trimRecY='15' trimRecWidth='31' trimRecHeight='37' charValue='100' charOffsetX='1' charOffsetY='0' charAdvanceX='32' />
    <Sprite nameId='HVD_Comic_Serif_Pro' originX='0' originY='0' positionX='135' positionY='288' sourceSizeWidth='25' sourceSizeHeight='68' padding='2' trimmed='0' trimRecX='0' trimRecY='24' trimRecWidth='25' trimRecHeight='28' charValue='101' charOffsetX='0' charOffsetY='0' charAdvanceX='25' />
    <Sprite nameId='HVD_Comic_Serif_Pro' originX='0' originY='0' positionX='164' positionY='288' sourceSizeWidth='24' sourceSizeHeight='68' padding='2' trimmed='0' trimRecX='1' trimRecY='14' trimRecWidth='23' trimRecHeight='38' charValue='102' charOffsetX='0' charOffsetY='0' charAdvanceX='22' />
    <Sprite nameId='HVD_Comic_Serif_Pro' originX='0' originY='0' positionX='192' positionY='288' sourceSizeWidth='30' sourceSizeHeight='68' padding='2' trimmed='0' trimRecX='0' trimRecY='25' trimRecWidth='30' trimRecHeight='39' charValue='103' charOffsetX='1' charOffsetY='0' charAdvanceX='32' />
    <Sprite nameId='HVD_Comic_Serif_Pro' originX='0' originY='0' positionX='226' positionY='288' sourceSizeWidth='32' sourceSizeHeight='68' padding='2' trimmed='0' trimRecX='0' trimRecY='15' trimRecWidth='31' trimRecHeight='37' charValue='104' charOffsetX='1' charOffsetY='0' charAdvanceX='32' />
    <Sprite nameId='HVD_Comic_Serif_Pro' originX='0' originY='0' positionX='262' positionY='288' sourceSizeWidth='19' sourceSizeHeight='68' padding='2' trimmed='0' trimRecX='0' trimRecY='12' trimRecWidth='19' trimRecHeight='40' charValue='105' charOffsetX='1' charOffsetY='0' charAdvanceX='21' />
    <Sprite nameId='HVD_Comic_Serif_Pro' originX='0' originY='0' positionX='285' positionY='288' sourceSizeWidth='19' sourceSizeHeight='68' padding='2' trimmed='0' trimRecX='0' trimRecY='12' trimRecWidth='19' trimRecHeight='52' charValue='106' charOffsetX='-3' charOffsetY='0' charAdvanceX='16' />
    <Sprite nameId='HVD_Comic_Serif_Pro' originX='0' originY='0' positionX='308' positionY='288' sourceSizeWidth='34' sourceSizeHeight='68' padding='2' trimmed='0' trimRecX='0' trimRecY='15' trimRecWidth='34' trimRecHeight='37' charValue='107' charOffsetX='0' charOffsetY='0' charAdvanceX='35' />
    <Sprite nameId='HVD_Comic_Serif_Pro' originX='0' originY='0' positionX='346' positionY='288' sourceSizeWidth='19' sourceSizeHeight='68' padding='2' trimmed='0' trimRecX='1' trimRecY='14' trimRecWidth='18' trimRecHeight='38' charValue='108' charOffsetX='1' charOffsetY='0' charAdvanceX='21' />
    <Sprite nameId='HVD_Comic_Serif_Pro' originX='0' originY='0' positionX='369' positionY='288' sourceSizeWidth='48' sourceSizeHeight='68' padding='2' trimmed='0' trimRecX='0' trimRecY='23' trimRecWidth='48' trimRecHeight='29' charValue='109' charOffsetX='0' charOffsetY='0' charAdvanceX='49' />
    <Sprite nameId='HVD_Comic_Serif_Pro' originX='0' originY='0' positionX='421' positionY='288' sourceSizeWidth='32' sourceSizeHeight='68' padding='2' trimmed='0' trimRecX='0' trimRecY='24' trimRecWidth='31' trimRecHeight='28' charValue='110' charOffsetX='1' charOffsetY='0' charAdvanceX='32' />
    <Sprite nameId='HVD_Comic_Serif_Pro' originX='0' originY='0' positionX='457' positionY='288' sourceSizeWidth='26' sourceSizeHeight='68' padding='2' trimmed='0' trimRecX='0' trimRecY='25' trimRecWidth='26' trimRecHeight='27' charValue='111' charOffsetX='1' charOffsetY='0' charAdvanceX='27' />
    <Sprite nameId='HVD_Comic_Serif_Pro' originX='0' originY='0' positionX='0' positionY='360' sourceSizeWidth='32' sourceSizeHeight='68' padding='2' trimmed='0' trimRecX='0' trimRecY='25' trimRecWidth='32' trimRecHeight='38' charValue='112' charOffsetX='0' charOffsetY='0' charAdvanceX='32' />
    <Sprite nameId='HVD_Comic_Serif_Pro' originX='0' originY='0' positionX='36' positionY='360' sourceSizeWidth='32' sourceSizeHeight='68' padding='2' trimmed='0' trimRecX='0' trimRecY='25' trimRecWidth='32' trimRecHeight='38' charValue='113' charOffsetX='0' charOffsetY='0' charAdvanceX='29' />
    <Sprite nameId='HVD_Comic_Serif_Pro' originX='0' originY='0' positionX='72' positionY='360' sourceSizeWidth='26' sourceSizeHeight='68' padding='2' trimmed='0' trimRecX='0' trimRecY='24' trimRecWidth='26' trimRecHeight='28' charValue='114' charOffsetX='1' charOffsetY='0' charAdvanceX='28' />
    <Sprite nameId='HVD_Comic_Serif_Pro' originX='0' originY='0' positionX='102' positionY='360' sourceSizeWidth='23' sourceSizeHeight='68' padding='2' trimmed='0' trimRecX='0' trimRecY='24' trimRecWidth='23' trimRecHeight='29' charValue='115' charOffsetX='1' charOffsetY='0' charAdvanceX='25' />
    <Sprite nameId='HVD_Comic_Serif_Pro' originX='0' originY='0' positionX='129' positionY='360' sourceSizeWidth='22' sourceSizeHeight='68' padding='2' trimmed='0' trimRecX='0' trimRecY='18' trimRecWidth='22' trimRecHeight='35' charValue='116' charOffsetX='1' charOffsetY='0' charAdvanceX='25' />
    <Sprite nameId='HVD_Comic_Serif_Pro' originX='0' originY='0' positionX='155' positionY='360' sourceSizeWidth='32' sourceSizeHeight='68' padding='2' trimmed='0' trimRecX='0' trimRecY='25' trimRecWidth='32' trimRecHeight='27' charValue='117' charOffsetX='0' charOffsetY='0' charAdvanceX='32' />
    <Sprite nameId='HVD_Comic_Serif_Pro' originX='0' originY='0' positionX='191' positionY='360' sourceSizeWidth='34' sourceSizeHeight='68' padding='2' trimmed='0' trimRecX='1' trimRecY='25' trimRecWidth='32' trimRecHeight='27' charValue='118' charOffsetX='0' charOffsetY='0' charAdvanceX='34' />
    <Sprite nameId='HVD_Comic_Serif_Pro' originX='0' originY='0' positionX='229' positionY='360' sourceSizeWidth='49' sourceSizeHeight='68' padding='2' trimmed='0' trimRecX='0' trimRecY='25' trimRecWidth='49' trimRecHeight='27' charValue='119' charOffsetX='0' charOffsetY='0' charAdvanceX='48' />
    <Sprite nameId='HVD_Comic_Serif_Pro' originX='0' originY='0' positionX='282' positionY='360' sourceSizeWidth='31' sourceSizeHeight='68' padding='2' trimmed='0' trimRecX='0' trimRecY='25' trimRecWidth='31' trimRecHeight='27' charValue='120' charOffsetX='1' charOffsetY='0' charAdvanceX='33' />
    <Sprite nameId='HVD_Comic_Serif_Pro' originX='0' originY='0' positionX='317' positionY='360' sourceSizeWidth='34' sourceSizeHeight='68' padding='2' trimmed='0' trimRecX='1' trimRecY='25' trimRecWidth='32' trimRecHeight='39' charValue='121' charOffsetX='0' charOffsetY='0' charAdvanceX='34' />
    <Sprite nameId='HVD_Comic_Serif_Pro' originX='0' originY='0' positionX='355' positionY='360' sourceSizeWidth='26' sourceSizeHeight='68' padding='2' trimmed='0' trimRecX='0' trimRecY='25' trimRecWidth='26' trimRecHeight='26' charValue='122' charOffsetX='1' charOffsetY='0' charAdvanceX='28' />
    <Sprite nameId='HVD_Comic_Serif_Pro' originX='0' originY='0' positionX='385' positionY='360' sourceSizeWidth='20' sourceSizeHeight='68' padding='2' trimmed='0' trimRecX='0' trimRecY='13' trimRecWidth='20' trimRecHeight='50' charValue='123' charOffsetX='0' charOffsetY='0' charAdvanceX='20' />
    <Sprite nameId='HVD_Comic_Serif_Pro' originX='0' originY='0' positionX='409' positionY='360' sourceSizeWidth='6' sourceSizeHeight='68' padding='2' trimmed='0' trimRecX='0' trimRecY='13' trimRecWidth='6' trimRecHeight='51' charValue='124' charOffsetX='3' charOffsetY='0' charAdvanceX='11' />
    <Sprite nameId='HVD_Comic_Serif_Pro' originX='0' originY='0' positionX='419' positionY='360' sourceSizeWidth='21' sourceSizeHeight='68' padding='2' trimmed='0' trimRecX='0' trimRecY='14' trimRecWidth='20' trimRecHeight='49' charValue='125' charOffsetX='0' charOffsetY='0' charAdvanceX='20' />
    <Sprite nameId='HVD_Comic_Serif_Pro' originX='0' originY='0' positionX='444' positionY='360' sourceSizeWidth='33' sourceSizeHeight='68' padding='2' trimmed='0' trimRecX='0' trimRecY='31' trimRecWidth='33' trimRecHeight='13' charValue='126' charOffsetX='1' charOffsetY='0' charAdvanceX='34' />
</AtlasTexture>
