<?xml version="1.0" encoding="utf-8" ?>
<!--
    rTexPacker XML atlas descriptor file (v1.0)
    Number of packed sprites:     95

    NOTE: This atlas contains a sprite font description
-->
<AtlasTexture imagePath='londrina.png' width='512' height='512' spriteCount='95' isFont='1' fontSize='72'>
    <Sprite nameId='LondrinaSolid-Regular' originX='0' originY='0' positionX='0' positionY='0' sourceSizeWidth='14' sourceSizeHeight='72' padding='2' trimmed='0' trimRecX='0' trimRecY='0' trimRecWidth='0' trimRecHeight='0' charValue='32' charOffsetX='0' charOffsetY='0' charAdvanceX='14' />
    <Sprite nameId='LondrinaSolid-Regular' originX='0' originY='0' positionX='18' positionY='0' sourceSizeWidth='10' sourceSizeHeight='72' padding='2' trimmed='0' trimRecX='0' trimRecY='13' trimRecWidth='10' trimRecHeight='45' charValue='33' charOffsetX='1' charOffsetY='0' charAdvanceX='12' />
    <Sprite nameId='LondrinaSolid-Regular' originX='0' originY='0' positionX='32' positionY='0' sourceSizeWidth='21' sourceSizeHeight='72' padding='2' trimmed='0' trimRecX='1' trimRecY='13' trimRecWidth='20' trimRecHeight='17' charValue='34' charOffsetX='1' charOffsetY='0' charAdvanceX='23' />
    <Sprite nameId='LondrinaSolid-Regular' originX='0' originY='0' positionX='57' positionY='0' sourceSizeWidth='40' sourceSizeHeight='72' padding='2' trimmed='0' trimRecX='0' trimRecY='17' trimRecWidth='40' trimRecHeight='42' charValue='35' charOffsetX='1' charOffsetY='0' charAdvanceX='41' />
    <Sprite nameId='LondrinaSolid-Regular' originX='0' originY='0' positionX='101' positionY='0' sourceSizeWidth='26' sourceSizeHeight='72' padding='2' trimmed='0' trimRecX='0' trimRecY='10' trimRecWidth='26' trimRecHeight='55' charValue='36' charOffsetX='1' charOffsetY='0' charAdvanceX='27' />
    <Sprite nameId='LondrinaSolid-Regular' originX='0' originY='0' positionX='131' positionY='0' sourceSizeWidth='37' sourceSizeHeight='72' padding='2' trimmed='0' trimRecX='0' trimRecY='13' trimRecWidth='36' trimRecHeight='46' charValue='37' charOffsetX='1' charOffsetY='0' charAdvanceX='38' />
    <Sprite nameId='LondrinaSolid-Regular' originX='0' originY='0' positionX='172' positionY='0' sourceSizeWidth='35' sourceSizeHeight='72' padding='2' trimmed='0' trimRecX='0' trimRecY='12' trimRecWidth='35' trimRecHeight='47' charValue='38' charOffsetX='1' charOffsetY='0' charAdvanceX='36' />
    <Sprite nameId='LondrinaSolid-Regular' originX='0' originY='0' positionX='211' positionY='0' sourceSizeWidth='9' sourceSizeHeight='72' padding='2' trimmed='0' trimRecX='0' trimRecY='13' trimRecWidth='9' trimRecHeight='17' charValue='39' charOffsetX='1' charOffsetY='0' charAdvanceX='11' />
    <Sprite nameId='LondrinaSolid-Regular' originX='0' originY='0' positionX='224' positionY='0' sourceSizeWidth='17' sourceSizeHeight='72' padding='2' trimmed='0' trimRecX='0' trimRecY='13' trimRecWidth='17' trimRecHeight='45' charValue='40' charOffsetX='1' charOffsetY='0' charAdvanceX='19' />
    <Sprite nameId='LondrinaSolid-Regular' originX='0' originY='0' positionX='245' positionY='0' sourceSizeWidth='18' sourceSizeHeight='72' padding='2' trimmed='0' trimRecX='0' trimRecY='13' trimRecWidth='18' trimRecHeight='45' charValue='41' charOffsetX='1' charOffsetY='0' charAdvanceX='19' />
    <Sprite nameId='LondrinaSolid-Regular' originX='0' originY='0' positionX='267' positionY='0' sourceSizeWidth='22' sourceSizeHeight='72' padding='2' trimmed='0' trimRecX='0' trimRecY='14' trimRecWidth='21' trimRecHeight='22' charValue='42' charOffsetX='1' charOffsetY='0' charAdvanceX='23' />
    <Sprite nameId='LondrinaSolid-Regular' originX='0' originY='0' positionX='293' positionY='0' sourceSizeWidth='27' sourceSizeHeight='72' padding='2' trimmed='0' trimRecX='0' trimRecY='25' trimRecWidth='27' trimRecHeight='26' charValue='43' charOffsetX='0' charOffsetY='0' charAdvanceX='27' />
    <Sprite nameId='LondrinaSolid-Regular' originX='0' originY='0' positionX='324' positionY='0' sourceSizeWidth='9' sourceSizeHeight='72' padding='2' trimmed='0' trimRecX='0' trimRecY='50' trimRecWidth='9' trimRecHeight='15' charValue='44' charOffsetX='1' charOffsetY='0' charAdvanceX='10' />
    <Sprite nameId='LondrinaSolid-Regular' originX='0' originY='0' positionX='337' positionY='0' sourceSizeWidth='30' sourceSizeHeight='72' padding='2' trimmed='0' trimRecX='0' trimRecY='35' trimRecWidth='30' trimRecHeight='11' charValue='45' charOffsetX='1' charOffsetY='0' charAdvanceX='32' />
    <Sprite nameId='LondrinaSolid-Regular' originX='0' originY='0' positionX='371' positionY='0' sourceSizeWidth='9' sourceSizeHeight='72' padding='2' trimmed='0' trimRecX='0' trimRecY='50' trimRecWidth='9' trimRecHeight='8' charValue='46' charOffsetX='1' charOffsetY='0' charAdvanceX='11' />
    <Sprite nameId='LondrinaSolid-Regular' originX='0' originY='0' positionX='384' positionY='0' sourceSizeWidth='25' sourceSizeHeight='72' padding='2' trimmed='0' trimRecX='0' trimRecY='13' trimRecWidth='25' trimRecHeight='46' charValue='47' charOffsetX='0' charOffsetY='0' charAdvanceX='24' />
    <Sprite nameId='LondrinaSolid-Regular' originX='0' originY='0' positionX='413' positionY='0' sourceSizeWidth='31' sourceSizeHeight='72' padding='2' trimmed='0' trimRecX='0' trimRecY='13' trimRecWidth='30' trimRecHeight='45' charValue='48' charOffsetX='1' charOffsetY='0' charAdvanceX='32' />
    <Sprite nameId='LondrinaSolid-Regular' originX='0' originY='0' positionX='448' positionY='0' sourceSizeWidth='21' sourceSizeHeight='72' padding='2' trimmed='0' trimRecX='0' trimRecY='13' trimRecWidth='21' trimRecHeight='45' charValue='49' charOffsetX='0' charOffsetY='0' charAdvanceX='22' />
    <Sprite nameId='LondrinaSolid-Regular' originX='0' originY='0' positionX='473' positionY='0' sourceSizeWidth='29' sourceSizeHeight='72' padding='2' trimmed='0' trimRecX='1' trimRecY='13' trimRecWidth='28' trimRecHeight='46' charValue='50' charOffsetX='1' charOffsetY='0' charAdvanceX='31' />
    <Sprite nameId='LondrinaSolid-Regular' originX='0' originY='0' positionX='0' positionY='76' sourceSizeWidth='29' sourceSizeHeight='72' padding='2' trimmed='0' trimRecX='1' trimRecY='13' trimRecWidth='28' trimRecHeight='46' charValue='51' charOffsetX='0' charOffsetY='0' charAdvanceX='29' />
    <Sprite nameId='LondrinaSolid-Regular' originX='0' originY='0' positionX='33' positionY='76' sourceSizeWidth='29' sourceSizeHeight='72' padding='2' trimmed='0' trimRecX='0' trimRecY='13' trimRecWidth='29' trimRecHeight='46' charValue='52' charOffsetX='0' charOffsetY='0' charAdvanceX='29' />
    <Sprite nameId='LondrinaSolid-Regular' originX='0' originY='0' positionX='66' positionY='76' sourceSizeWidth='30' sourceSizeHeight='72' padding='2' trimmed='0' trimRecX='0' trimRecY='13' trimRecWidth='29' trimRecHeight='46' charValue='53' charOffsetX='1' charOffsetY='0' charAdvanceX='31' />
    <Sprite nameId='LondrinaSolid-Regular' originX='0' originY='0' positionX='100' positionY='76' sourceSizeWidth='31' sourceSizeHeight='72' padding='2' trimmed='0' trimRecX='1' trimRecY='13' trimRecWidth='29' trimRecHeight='46' charValue='54' charOffsetX='1' charOffsetY='0' charAdvanceX='32' />
    <Sprite nameId='LondrinaSolid-Regular' originX='0' originY='0' positionX='135' positionY='76' sourceSizeWidth='29' sourceSizeHeight='72' padding='2' trimmed='0' trimRecX='0' trimRecY='13' trimRecWidth='29' trimRecHeight='45' charValue='55' charOffsetX='1' charOffsetY='0' charAdvanceX='30' />
    <Sprite nameId='LondrinaSolid-Regular' originX='0' originY='0' positionX='168' positionY='76' sourceSizeWidth='32' sourceSizeHeight='72' padding='2' trimmed='0' trimRecX='2' trimRecY='13' trimRecWidth='29' trimRecHeight='46' charValue='56' charOffsetX='1' charOffsetY='0' charAdvanceX='33' />
    <Sprite nameId='LondrinaSolid-Regular' originX='0' originY='0' positionX='204' positionY='76' sourceSizeWidth='30' sourceSizeHeight='72' padding='2' trimmed='0' trimRecX='1' trimRecY='13' trimRecWidth='29' trimRecHeight='46' charValue='57' charOffsetX='0' charOffsetY='0' charAdvanceX='30' />
    <Sprite nameId='LondrinaSolid-Regular' originX='0' originY='0' positionX='238' positionY='76' sourceSizeWidth='9' sourceSizeHeight='72' padding='2' trimmed='0' trimRecX='0' trimRecY='29' trimRecWidth='9' trimRecHeight='29' charValue='58' charOffsetX='1' charOffsetY='0' charAdvanceX='11' />
    <Sprite nameId='LondrinaSolid-Regular' originX='0' originY='0' positionX='251' positionY='76' sourceSizeWidth='9' sourceSizeHeight='72' padding='2' trimmed='0' trimRecX='0' trimRecY='29' trimRecWidth='9' trimRecHeight='36' charValue='59' charOffsetX='1' charOffsetY='0' charAdvanceX='11' />
    <Sprite nameId='LondrinaSolid-Regular' originX='0' originY='0' positionX='264' positionY='76' sourceSizeWidth='22' sourceSizeHeight='72' padding='2' trimmed='0' trimRecX='0' trimRecY='24' trimRecWidth='21' trimRecHeight='33' charValue='60' charOffsetX='0' charOffsetY='0' charAdvanceX='22' />
    <Sprite nameId='LondrinaSolid-Regular' originX='0' originY='0' positionX='290' positionY='76' sourceSizeWidth='26' sourceSizeHeight='72' padding='2' trimmed='0' trimRecX='0' trimRecY='28' trimRecWidth='26' trimRecHeight='23' charValue='61' charOffsetX='1' charOffsetY='0' charAdvanceX='28' />
    <Sprite nameId='LondrinaSolid-Regular' originX='0' originY='0' positionX='320' positionY='76' sourceSizeWidth='22' sourceSizeHeight='72' padding='2' trimmed='0' trimRecX='0' trimRecY='24' trimRecWidth='22' trimRecHeight='33' charValue='62' charOffsetX='1' charOffsetY='0' charAdvanceX='22' />
    <Sprite nameId='LondrinaSolid-Regular' originX='0' originY='0' positionX='346' positionY='76' sourceSizeWidth='28' sourceSizeHeight='72' padding='2' trimmed='0' trimRecX='0' trimRecY='13' trimRecWidth='27' trimRecHeight='45' charValue='63' charOffsetX='0' charOffsetY='0' charAdvanceX='28' />
    <Sprite nameId='LondrinaSolid-Regular' originX='0' originY='0' positionX='378' positionY='76' sourceSizeWidth='33' sourceSizeHeight='72' padding='2' trimmed='0' trimRecX='0' trimRecY='16' trimRecWidth='33' trimRecHeight='44' charValue='64' charOffsetX='1' charOffsetY='0' charAdvanceX='34' />
    <Sprite nameId='LondrinaSolid-Regular' originX='0' originY='0' positionX='415' positionY='76' sourceSizeWidth='28' sourceSizeHeight='72' padding='2' trimmed='0' trimRecX='0' trimRecY='13' trimRecWidth='28' trimRecHeight='46' charValue='65' charOffsetX='1' charOffsetY='0' charAdvanceX='29' />
    <Sprite nameId='LondrinaSolid-Regular' originX='0' originY='0' positionX='447' positionY='76' sourceSizeWidth='29' sourceSizeHeight='72' padding='2' trimmed='0' trimRecX='0' trimRecY='13' trimRecWidth='28' trimRecHeight='46' charValue='66' charOffsetX='1' charOffsetY='0' charAdvanceX='30' />
    <Sprite nameId='LondrinaSolid-Regular' originX='0' originY='0' positionX='0' positionY='152' sourceSizeWidth='32' sourceSizeHeight='72' padding='2' trimmed='0' trimRecX='0' trimRecY='12' trimRecWidth='29' trimRecHeight='47' charValue='67' charOffsetX='1' charOffsetY='0' charAdvanceX='33' />
    <Sprite nameId='LondrinaSolid-Regular' originX='0' originY='0' positionX='36' positionY='152' sourceSizeWidth='28' sourceSizeHeight='72' padding='2' trimmed='0' trimRecX='1' trimRecY='13' trimRecWidth='27' trimRecHeight='45' charValue='68' charOffsetX='1' charOffsetY='0' charAdvanceX='30' />
    <Sprite nameId='LondrinaSolid-Regular' originX='0' originY='0' positionX='68' positionY='152' sourceSizeWidth='29' sourceSizeHeight='72' padding='2' trimmed='0' trimRecX='1' trimRecY='14' trimRecWidth='27' trimRecHeight='44' charValue='69' charOffsetX='1' charOffsetY='0' charAdvanceX='30' />
    <Sprite nameId='LondrinaSolid-Regular' originX='0' originY='0' positionX='101' positionY='152' sourceSizeWidth='30' sourceSizeHeight='72' padding='2' trimmed='0' trimRecX='0' trimRecY='14' trimRecWidth='30' trimRecHeight='45' charValue='70' charOffsetX='1' charOffsetY='0' charAdvanceX='30' />
    <Sprite nameId='LondrinaSolid-Regular' originX='0' originY='0' positionX='135' positionY='152' sourceSizeWidth='29' sourceSizeHeight='72' padding='2' trimmed='0' trimRecX='0' trimRecY='13' trimRecWidth='28' trimRecHeight='46' charValue='71' charOffsetX='1' charOffsetY='0' charAdvanceX='30' />
    <Sprite nameId='LondrinaSolid-Regular' originX='0' originY='0' positionX='168' positionY='152' sourceSizeWidth='29' sourceSizeHeight='72' padding='2' trimmed='0' trimRecX='1' trimRecY='13' trimRecWidth='28' trimRecHeight='45' charValue='72' charOffsetX='1' charOffsetY='0' charAdvanceX='30' />
    <Sprite nameId='LondrinaSolid-Regular' originX='0' originY='0' positionX='201' positionY='152' sourceSizeWidth='13' sourceSizeHeight='72' padding='2' trimmed='0' trimRecX='1' trimRecY='13' trimRecWidth='12' trimRecHeight='46' charValue='73' charOffsetX='1' charOffsetY='0' charAdvanceX='15' />
    <Sprite nameId='LondrinaSolid-Regular' originX='0' originY='0' positionX='218' positionY='152' sourceSizeWidth='28' sourceSizeHeight='72' padding='2' trimmed='0' trimRecX='0' trimRecY='13' trimRecWidth='28' trimRecHeight='46' charValue='74' charOffsetX='0' charOffsetY='0' charAdvanceX='29' />
    <Sprite nameId='LondrinaSolid-Regular' originX='0' originY='0' positionX='250' positionY='152' sourceSizeWidth='28' sourceSizeHeight='72' padding='2' trimmed='0' trimRecX='1' trimRecY='14' trimRecWidth='27' trimRecHeight='45' charValue='75' charOffsetX='1' charOffsetY='0' charAdvanceX='30' />
    <Sprite nameId='LondrinaSolid-Regular' originX='0' originY='0' positionX='282' positionY='152' sourceSizeWidth='28' sourceSizeHeight='72' padding='2' trimmed='0' trimRecX='0' trimRecY='13' trimRecWidth='28' trimRecHeight='46' charValue='76' charOffsetX='1' charOffsetY='0' charAdvanceX='29' />
    <Sprite nameId='LondrinaSolid-Regular' originX='0' originY='0' positionX='314' positionY='152' sourceSizeWidth='28' sourceSizeHeight='72' padding='2' trimmed='0' trimRecX='0' trimRecY='14' trimRecWidth='28' trimRecHeight='45' charValue='77' charOffsetX='1' charOffsetY='0' charAdvanceX='30' />
    <Sprite nameId='LondrinaSolid-Regular' originX='0' originY='0' positionX='346' positionY='152' sourceSizeWidth='28' sourceSizeHeight='72' padding='2' trimmed='0' trimRecX='0' trimRecY='13' trimRecWidth='28' trimRecHeight='46' charValue='78' charOffsetX='1' charOffsetY='0' charAdvanceX='30' />
    <Sprite nameId='LondrinaSolid-Regular' originX='0' originY='0' positionX='378' positionY='152' sourceSizeWidth='28' sourceSizeHeight='72' padding='2' trimmed='0' trimRecX='0' trimRecY='13' trimRecWidth='28' trimRecHeight='46' charValue='79' charOffsetX='1' charOffsetY='0' charAdvanceX='30' />
    <Sprite nameId='LondrinaSolid-Regular' originX='0' originY='0' positionX='410' positionY='152' sourceSizeWidth='29' sourceSizeHeight='72' padding='2' trimmed='0' trimRecX='0' trimRecY='13' trimRecWidth='29' trimRecHeight='45' charValue='80' charOffsetX='1' charOffsetY='0' charAdvanceX='30' />
    <Sprite nameId='LondrinaSolid-Regular' originX='0' originY='0' positionX='443' positionY='152' sourceSizeWidth='29' sourceSizeHeight='72' padding='2' trimmed='0' trimRecX='1' trimRecY='13' trimRecWidth='28' trimRecHeight='46' charValue='81' charOffsetX='1' charOffsetY='0' charAdvanceX='31' />
    <Sprite nameId='LondrinaSolid-Regular' originX='0' originY='0' positionX='0' positionY='228' sourceSizeWidth='34' sourceSizeHeight='72' padding='2' trimmed='0' trimRecX='0' trimRecY='12' trimRecWidth='32' trimRecHeight='47' charValue='82' charOffsetX='1' charOffsetY='0' charAdvanceX='35' />
    <Sprite nameId='LondrinaSolid-Regular' originX='0' originY='0' positionX='38' positionY='228' sourceSizeWidth='34' sourceSizeHeight='72' padding='2' trimmed='0' trimRecX='3' trimRecY='14' trimRecWidth='30' trimRecHeight='45' charValue='83' charOffsetX='0' charOffsetY='0' charAdvanceX='34' />
    <Sprite nameId='LondrinaSolid-Regular' originX='0' originY='0' positionX='76' positionY='228' sourceSizeWidth='28' sourceSizeHeight='72' padding='2' trimmed='0' trimRecX='1' trimRecY='13' trimRecWidth='27' trimRecHeight='46' charValue='84' charOffsetX='0' charOffsetY='0' charAdvanceX='28' />
    <Sprite nameId='LondrinaSolid-Regular' originX='0' originY='0' positionX='108' positionY='228' sourceSizeWidth='29' sourceSizeHeight='72' padding='2' trimmed='0' trimRecX='0' trimRecY='15' trimRecWidth='29' trimRecHeight='44' charValue='85' charOffsetX='1' charOffsetY='0' charAdvanceX='31' />
    <Sprite nameId='LondrinaSolid-Regular' originX='0' originY='0' positionX='141' positionY='228' sourceSizeWidth='28' sourceSizeHeight='72' padding='2' trimmed='0' trimRecX='0' trimRecY='14' trimRecWidth='28' trimRecHeight='45' charValue='86' charOffsetX='1' charOffsetY='0' charAdvanceX='29' />
    <Sprite nameId='LondrinaSolid-Regular' originX='0' originY='0' positionX='173' positionY='228' sourceSizeWidth='28' sourceSizeHeight='72' padding='2' trimmed='0' trimRecX='0' trimRecY='13' trimRecWidth='28' trimRecHeight='45' charValue='87' charOffsetX='1' charOffsetY='0' charAdvanceX='29' />
    <Sprite nameId='LondrinaSolid-Regular' originX='0' originY='0' positionX='205' positionY='228' sourceSizeWidth='29' sourceSizeHeight='72' padding='2' trimmed='0' trimRecX='0' trimRecY='13' trimRecWidth='29' trimRecHeight='45' charValue='88' charOffsetX='1' charOffsetY='0' charAdvanceX='31' />
    <Sprite nameId='LondrinaSolid-Regular' originX='0' originY='0' positionX='238' positionY='228' sourceSizeWidth='29' sourceSizeHeight='72' padding='2' trimmed='0' trimRecX='0' trimRecY='14' trimRecWidth='29' trimRecHeight='45' charValue='89' charOffsetX='1' charOffsetY='0' charAdvanceX='29' />
    <Sprite nameId='LondrinaSolid-Regular' originX='0' originY='0' positionX='271' positionY='228' sourceSizeWidth='29' sourceSizeHeight='72' padding='2' trimmed='0' trimRecX='0' trimRecY='14' trimRecWidth='29' trimRecHeight='45' charValue='90' charOffsetX='1' charOffsetY='0' charAdvanceX='31' />
    <Sprite nameId='LondrinaSolid-Regular' originX='0' originY='0' positionX='304' positionY='228' sourceSizeWidth='18' sourceSizeHeight='72' padding='2' trimmed='0' trimRecX='1' trimRecY='13' trimRecWidth='17' trimRecHeight='46' charValue='91' charOffsetX='1' charOffsetY='0' charAdvanceX='20' />
    <Sprite nameId='LondrinaSolid-Regular' originX='0' originY='0' positionX='326' positionY='228' sourceSizeWidth='25' sourceSizeHeight='72' padding='2' trimmed='0' trimRecX='0' trimRecY='13' trimRecWidth='24' trimRecHeight='46' charValue='92' charOffsetX='0' charOffsetY='0' charAdvanceX='24' />
    <Sprite nameId='LondrinaSolid-Regular' originX='0' originY='0' positionX='355' positionY='228' sourceSizeWidth='18' sourceSizeHeight='72' padding='2' trimmed='0' trimRecX='0' trimRecY='13' trimRecWidth='17' trimRecHeight='46' charValue='93' charOffsetX='1' charOffsetY='0' charAdvanceX='19' />
    <Sprite nameId='LondrinaSolid-Regular' originX='0' originY='0' positionX='377' positionY='228' sourceSizeWidth='28' sourceSizeHeight='72' padding='2' trimmed='0' trimRecX='0' trimRecY='14' trimRecWidth='27' trimRecHeight='15' charValue='94' charOffsetX='0' charOffsetY='0' charAdvanceX='27' />
    <Sprite nameId='LondrinaSolid-Regular' originX='0' originY='0' positionX='409' positionY='228' sourceSizeWidth='37' sourceSizeHeight='72' padding='2' trimmed='0' trimRecX='0' trimRecY='60' trimRecWidth='37' trimRecHeight='8' charValue='95' charOffsetX='1' charOffsetY='0' charAdvanceX='39' />
    <Sprite nameId='LondrinaSolid-Regular' originX='0' originY='0' positionX='450' positionY='228' sourceSizeWidth='16' sourceSizeHeight='72' padding='2' trimmed='0' trimRecX='0' trimRecY='14' trimRecWidth='16' trimRecHeight='12' charValue='96' charOffsetX='0' charOffsetY='0' charAdvanceX='16' />
    <Sprite nameId='LondrinaSolid-Regular' originX='0' originY='0' positionX='470' positionY='228' sourceSizeWidth='28' sourceSizeHeight='72' padding='2' trimmed='0' trimRecX='0' trimRecY='26' trimRecWidth='28' trimRecHeight='33' charValue='97' charOffsetX='1' charOffsetY='0' charAdvanceX='30' />
    <Sprite nameId='LondrinaSolid-Regular' originX='0' originY='0' positionX='0' positionY='304' sourceSizeWidth='27' sourceSizeHeight='72' padding='2' trimmed='0' trimRecX='1' trimRecY='13' trimRecWidth='26' trimRecHeight='46' charValue='98' charOffsetX='1' charOffsetY='0' charAdvanceX='28' />
    <Sprite nameId='LondrinaSolid-Regular' originX='0' originY='0' positionX='31' positionY='304' sourceSizeWidth='27' sourceSizeHeight='72' padding='2' trimmed='0' trimRecX='1' trimRecY='25' trimRecWidth='26' trimRecHeight='34' charValue='99' charOffsetX='1' charOffsetY='0' charAdvanceX='29' />
    <Sprite nameId='LondrinaSolid-Regular' originX='0' originY='0' positionX='62' positionY='304' sourceSizeWidth='27' sourceSizeHeight='72' padding='2' trimmed='0' trimRecX='0' trimRecY='13' trimRecWidth='27' trimRecHeight='46' charValue='100' charOffsetX='0' charOffsetY='0' charAdvanceX='28' />
    <Sprite nameId='LondrinaSolid-Regular' originX='0' originY='0' positionX='93' positionY='304' sourceSizeWidth='27' sourceSizeHeight='72' padding='2' trimmed='0' trimRecX='0' trimRecY='25' trimRecWidth='27' trimRecHeight='34' charValue='101' charOffsetX='1' charOffsetY='0' charAdvanceX='28' />
    <Sprite nameId='LondrinaSolid-Regular' originX='0' originY='0' positionX='124' positionY='304' sourceSizeWidth='25' sourceSizeHeight='72' padding='2' trimmed='0' trimRecX='0' trimRecY='14' trimRecWidth='25' trimRecHeight='44' charValue='102' charOffsetX='0' charOffsetY='0' charAdvanceX='25' />
    <Sprite nameId='LondrinaSolid-Regular' originX='0' originY='0' positionX='153' positionY='304' sourceSizeWidth='27' sourceSizeHeight='72' padding='2' trimmed='0' trimRecX='0' trimRecY='26' trimRecWidth='27' trimRecHeight='45' charValue='103' charOffsetX='1' charOffsetY='0' charAdvanceX='29' />
    <Sprite nameId='LondrinaSolid-Regular' originX='0' originY='0' positionX='184' positionY='304' sourceSizeWidth='27' sourceSizeHeight='72' padding='2' trimmed='0' trimRecX='1' trimRecY='12' trimRecWidth='25' trimRecHeight='47' charValue='104' charOffsetX='1' charOffsetY='0' charAdvanceX='27' />
    <Sprite nameId='LondrinaSolid-Regular' originX='0' originY='0' positionX='215' positionY='304' sourceSizeWidth='11' sourceSizeHeight='72' padding='2' trimmed='0' trimRecX='1' trimRecY='12' trimRecWidth='9' trimRecHeight='47' charValue='105' charOffsetX='1' charOffsetY='0' charAdvanceX='12' />
    <Sprite nameId='LondrinaSolid-Regular' originX='0' originY='0' positionX='230' positionY='304' sourceSizeWidth='20' sourceSizeHeight='72' padding='2' trimmed='0' trimRecX='0' trimRecY='12' trimRecWidth='20' trimRecHeight='58' charValue='106' charOffsetX='0' charOffsetY='0' charAdvanceX='21' />
    <Sprite nameId='LondrinaSolid-Regular' originX='0' originY='0' positionX='254' positionY='304' sourceSizeWidth='27' sourceSizeHeight='72' padding='2' trimmed='0' trimRecX='1' trimRecY='12' trimRecWidth='26' trimRecHeight='47' charValue='107' charOffsetX='1' charOffsetY='0' charAdvanceX='28' />
    <Sprite nameId='LondrinaSolid-Regular' originX='0' originY='0' positionX='285' positionY='304' sourceSizeWidth='11' sourceSizeHeight='72' padding='2' trimmed='0' trimRecX='1' trimRecY='12' trimRecWidth='10' trimRecHeight='47' charValue='108' charOffsetX='1' charOffsetY='0' charAdvanceX='13' />
    <Sprite nameId='LondrinaSolid-Regular' originX='0' originY='0' positionX='300' positionY='304' sourceSizeWidth='42' sourceSizeHeight='72' padding='2' trimmed='0' trimRecX='1' trimRecY='26' trimRecWidth='39' trimRecHeight='33' charValue='109' charOffsetX='1' charOffsetY='0' charAdvanceX='43' />
    <Sprite nameId='LondrinaSolid-Regular' originX='0' originY='0' positionX='346' positionY='304' sourceSizeWidth='27' sourceSizeHeight='72' padding='2' trimmed='0' trimRecX='1' trimRecY='26' trimRecWidth='25' trimRecHeight='33' charValue='110' charOffsetX='1' charOffsetY='0' charAdvanceX='28' />
    <Sprite nameId='LondrinaSolid-Regular' originX='0' originY='0' positionX='377' positionY='304' sourceSizeWidth='27' sourceSizeHeight='72' padding='2' trimmed='0' trimRecX='1' trimRecY='25' trimRecWidth='26' trimRecHeight='34' charValue='111' charOffsetX='1' charOffsetY='0' charAdvanceX='29' />
    <Sprite nameId='LondrinaSolid-Regular' originX='0' originY='0' positionX='408' positionY='304' sourceSizeWidth='27' sourceSizeHeight='72' padding='2' trimmed='0' trimRecX='1' trimRecY='26' trimRecWidth='26' trimRecHeight='46' charValue='112' charOffsetX='1' charOffsetY='0' charAdvanceX='28' />
    <Sprite nameId='LondrinaSolid-Regular' originX='0' originY='0' positionX='439' positionY='304' sourceSizeWidth='27' sourceSizeHeight='72' padding='2' trimmed='0' trimRecX='0' trimRecY='26' trimRecWidth='27' trimRecHeight='46' charValue='113' charOffsetX='0' charOffsetY='0' charAdvanceX='28' />
    <Sprite nameId='LondrinaSolid-Regular' originX='0' originY='0' positionX='470' positionY='304' sourceSizeWidth='22' sourceSizeHeight='72' padding='2' trimmed='0' trimRecX='1' trimRecY='26' trimRecWidth='21' trimRecHeight='33' charValue='114' charOffsetX='1' charOffsetY='0' charAdvanceX='22' />
    <Sprite nameId='LondrinaSolid-Regular' originX='0' originY='0' positionX='0' positionY='380' sourceSizeWidth='30' sourceSizeHeight='72' padding='2' trimmed='0' trimRecX='3' trimRecY='25' trimRecWidth='27' trimRecHeight='34' charValue='115' charOffsetX='0' charOffsetY='0' charAdvanceX='31' />
    <Sprite nameId='LondrinaSolid-Regular' originX='0' originY='0' positionX='34' positionY='380' sourceSizeWidth='25' sourceSizeHeight='72' padding='2' trimmed='0' trimRecX='0' trimRecY='14' trimRecWidth='25' trimRecHeight='44' charValue='116' charOffsetX='0' charOffsetY='0' charAdvanceX='25' />
    <Sprite nameId='LondrinaSolid-Regular' originX='0' originY='0' positionX='63' positionY='380' sourceSizeWidth='26' sourceSizeHeight='72' padding='2' trimmed='0' trimRecX='1' trimRecY='26' trimRecWidth='25' trimRecHeight='33' charValue='117' charOffsetX='1' charOffsetY='0' charAdvanceX='28' />
    <Sprite nameId='LondrinaSolid-Regular' originX='0' originY='0' positionX='93' positionY='380' sourceSizeWidth='27' sourceSizeHeight='72' padding='2' trimmed='0' trimRecX='0' trimRecY='26' trimRecWidth='27' trimRecHeight='33' charValue='118' charOffsetX='1' charOffsetY='0' charAdvanceX='28' />
    <Sprite nameId='LondrinaSolid-Regular' originX='0' originY='0' positionX='124' positionY='380' sourceSizeWidth='43' sourceSizeHeight='72' padding='2' trimmed='0' trimRecX='0' trimRecY='26' trimRecWidth='43' trimRecHeight='33' charValue='119' charOffsetX='1' charOffsetY='0' charAdvanceX='44' />
    <Sprite nameId='LondrinaSolid-Regular' originX='0' originY='0' positionX='171' positionY='380' sourceSizeWidth='27' sourceSizeHeight='72' padding='2' trimmed='0' trimRecX='0' trimRecY='26' trimRecWidth='27' trimRecHeight='33' charValue='120' charOffsetX='1' charOffsetY='0' charAdvanceX='29' />
    <Sprite nameId='LondrinaSolid-Regular' originX='0' originY='0' positionX='202' positionY='380' sourceSizeWidth='30' sourceSizeHeight='72' padding='2' trimmed='0' trimRecX='0' trimRecY='26' trimRecWidth='30' trimRecHeight='44' charValue='121' charOffsetX='1' charOffsetY='0' charAdvanceX='31' />
    <Sprite nameId='LondrinaSolid-Regular' originX='0' originY='0' positionX='236' positionY='380' sourceSizeWidth='27' sourceSizeHeight='72' padding='2' trimmed='0' trimRecX='0' trimRecY='26' trimRecWidth='27' trimRecHeight='32' charValue='122' charOffsetX='1' charOffsetY='0' charAdvanceX='29' />
    <Sprite nameId='LondrinaSolid-Regular' originX='0' originY='0' positionX='267' positionY='380' sourceSizeWidth='19' sourceSizeHeight='72' padding='2' trimmed='0' trimRecX='0' trimRecY='15' trimRecWidth='19' trimRecHeight='44' charValue='123' charOffsetX='0' charOffsetY='0' charAdvanceX='20' />
    <Sprite nameId='LondrinaSolid-Regular' originX='0' originY='0' positionX='290' positionY='380' sourceSizeWidth='8' sourceSizeHeight='72' padding='2' trimmed='0' trimRecX='0' trimRecY='12' trimRecWidth='8' trimRecHeight='48' charValue='124' charOffsetX='2' charOffsetY='0' charAdvanceX='11' />
    <Sprite nameId='LondrinaSolid-Regular' originX='0' originY='0' positionX='302' positionY='380' sourceSizeWidth='19' sourceSizeHeight='72' padding='2' trimmed='0' trimRecX='0' trimRecY='15' trimRecWidth='19' trimRecHeight='44' charValue='125' charOffsetX='1' charOffsetY='0' charAdvanceX='20' />
    <Sprite nameId='LondrinaSolid-Regular' originX='0' originY='0' positionX='325' positionY='380' sourceSizeWidth='34' sourceSizeHeight='72' padding='2' trimmed='0' trimRecX='0' trimRecY='35' trimRecWidth='34' trimRecHeight='16' charValue='126' charOffsetX='1' charOffsetY='0' charAdvanceX='36' />
</AtlasTexture>
