<?xml version="1.0" encoding="utf-8" ?>
<!--
    rTexPacker XML atlas descriptor file (v1.0)
    Number of packed sprites:     95

    NOTE: This atlas contains a sprite font description
-->
<AtlasTexture imagePath='poppins.png' width='1024' height='1024' spriteCount='95' isFont='1' fontSize='100'>
    <Sprite nameId='Poppins-Medium' originX='0' originY='0' positionX='0' positionY='0' sourceSizeWidth='18' sourceSizeHeight='100' padding='0' trimmed='0' trimRecX='0' trimRecY='0' trimRecWidth='0' trimRecHeight='0' charValue='32' charOffsetX='0' charOffsetY='0' charAdvanceX='18' />
    <Sprite nameId='Poppins-Medium' originX='0' originY='0' positionX='18' positionY='0' sourceSizeWidth='11' sourceSizeHeight='100' padding='0' trimmed='0' trimRecX='0' trimRecY='25' trimRecWidth='11' trimRecHeight='51' charValue='33' charOffsetX='6' charOffsetY='0' charAdvanceX='22' />
    <Sprite nameId='Poppins-Medium' originX='0' originY='0' positionX='29' positionY='0' sourceSizeWidth='19' sourceSizeHeight='100' padding='0' trimmed='0' trimRecX='0' trimRecY='18' trimRecWidth='19' trimRecHeight='15' charValue='34' charOffsetX='2' charOffsetY='0' charAdvanceX='23' />
    <Sprite nameId='Poppins-Medium' originX='0' originY='0' positionX='48' positionY='0' sourceSizeWidth='57' sourceSizeHeight='100' padding='0' trimmed='0' trimRecX='0' trimRecY='22' trimRecWidth='56' trimRecHeight='53' charValue='35' charOffsetX='2' charOffsetY='0' charAdvanceX='62' />
    <Sprite nameId='Poppins-Medium' originX='0' originY='0' positionX='105' positionY='0' sourceSizeWidth='35' sourceSizeHeight='100' padding='0' trimmed='0' trimRecX='0' trimRecY='19' trimRecWidth='35' trimRecHeight='63' charValue='36' charOffsetX='4' charOffsetY='0' charAdvanceX='46' />
    <Sprite nameId='Poppins-Medium' originX='0' originY='0' positionX='140' positionY='0' sourceSizeWidth='51' sourceSizeHeight='100' padding='0' trimmed='0' trimRecX='0' trimRecY='24' trimRecWidth='51' trimRecHeight='52' charValue='37' charOffsetX='3' charOffsetY='0' charAdvanceX='56' />
    <Sprite nameId='Poppins-Medium' originX='0' originY='0' positionX='191' positionY='0' sourceSizeWidth='53' sourceSizeHeight='100' padding='0' trimmed='0' trimRecX='0' trimRecY='24' trimRecWidth='53' trimRecHeight='52' charValue='38' charOffsetX='2' charOffsetY='0' charAdvanceX='54' />
    <Sprite nameId='Poppins-Medium' originX='0' originY='0' positionX='244' positionY='0' sourceSizeWidth='8' sourceSizeHeight='100' padding='0' trimmed='0' trimRecX='0' trimRecY='18' trimRecWidth='8' trimRecHeight='15' charValue='39' charOffsetX='2' charOffsetY='0' charAdvanceX='12' />
    <Sprite nameId='Poppins-Medium' originX='0' originY='0' positionX='252' positionY='0' sourceSizeWidth='26' sourceSizeHeight='100' padding='0' trimmed='0' trimRecX='0' trimRecY='8' trimRecWidth='26' trimRecHeight='81' charValue='40' charOffsetX='8' charOffsetY='0' charAdvanceX='35' />
    <Sprite nameId='Poppins-Medium' originX='0' originY='0' positionX='278' positionY='0' sourceSizeWidth='26' sourceSizeHeight='100' padding='0' trimmed='0' trimRecX='0' trimRecY='8' trimRecWidth='26' trimRecHeight='81' charValue='41' charOffsetX='1' charOffsetY='0' charAdvanceX='35' />
    <Sprite nameId='Poppins-Medium' originX='0' originY='0' positionX='304' positionY='0' sourceSizeWidth='28' sourceSizeHeight='100' padding='0' trimmed='0' trimRecX='0' trimRecY='22' trimRecWidth='28' trimRecHeight='28' charValue='42' charOffsetX='4' charOffsetY='0' charAdvanceX='36' />
    <Sprite nameId='Poppins-Medium' originX='0' originY='0' positionX='332' positionY='0' sourceSizeWidth='37' sourceSizeHeight='100' padding='0' trimmed='0' trimRecX='0' trimRecY='31' trimRecWidth='37' trimRecHeight='37' charValue='43' charOffsetX='7' charOffsetY='0' charAdvanceX='51' />
    <Sprite nameId='Poppins-Medium' originX='0' originY='0' positionX='369' positionY='0' sourceSizeWidth='15' sourceSizeHeight='100' padding='0' trimmed='0' trimRecX='0' trimRecY='65' trimRecWidth='15' trimRecHeight='20' charValue='44' charOffsetX='0' charOffsetY='0' charAdvanceX='16' />
    <Sprite nameId='Poppins-Medium' originX='0' originY='0' positionX='384' positionY='0' sourceSizeWidth='30' sourceSizeHeight='100' padding='0' trimmed='0' trimRecX='0' trimRecY='45' trimRecWidth='30' trimRecHeight='8' charValue='45' charOffsetX='6' charOffsetY='0' charAdvanceX='41' />
    <Sprite nameId='Poppins-Medium' originX='0' originY='0' positionX='414' positionY='0' sourceSizeWidth='11' sourceSizeHeight='100' padding='0' trimmed='0' trimRecX='0' trimRecY='65' trimRecWidth='11' trimRecHeight='11' charValue='46' charOffsetX='3' charOffsetY='0' charAdvanceX='17' />
    <Sprite nameId='Poppins-Medium' originX='0' originY='0' positionX='425' positionY='0' sourceSizeWidth='28' sourceSizeHeight='100' padding='0' trimmed='0' trimRecX='0' trimRecY='7' trimRecWidth='28' trimRecHeight='81' charValue='47' charOffsetX='4' charOffsetY='0' charAdvanceX='36' />
    <Sprite nameId='Poppins-Medium' originX='0' originY='0' positionX='453' positionY='0' sourceSizeWidth='38' sourceSizeHeight='100' padding='0' trimmed='0' trimRecX='0' trimRecY='22' trimRecWidth='38' trimRecHeight='53' charValue='48' charOffsetX='4' charOffsetY='0' charAdvanceX='45' />
    <Sprite nameId='Poppins-Medium' originX='0' originY='0' positionX='491' positionY='0' sourceSizeWidth='16' sourceSizeHeight='100' padding='0' trimmed='0' trimRecX='0' trimRecY='22' trimRecWidth='16' trimRecHeight='53' charValue='49' charOffsetX='3' charOffsetY='0' charAdvanceX='25' />
    <Sprite nameId='Poppins-Medium' originX='0' originY='0' positionX='507' positionY='0' sourceSizeWidth='36' sourceSizeHeight='100' padding='0' trimmed='0' trimRecX='0' trimRecY='21' trimRecWidth='36' trimRecHeight='54' charValue='50' charOffsetX='3' charOffsetY='0' charAdvanceX='41' />
    <Sprite nameId='Poppins-Medium' originX='0' originY='0' positionX='543' positionY='0' sourceSizeWidth='36' sourceSizeHeight='100' padding='0' trimmed='0' trimRecX='0' trimRecY='21' trimRecWidth='36' trimRecHeight='55' charValue='51' charOffsetX='3' charOffsetY='0' charAdvanceX='42' />
    <Sprite nameId='Poppins-Medium' originX='0' originY='0' positionX='579' positionY='0' sourceSizeWidth='41' sourceSizeHeight='100' padding='0' trimmed='0' trimRecX='0' trimRecY='23' trimRecWidth='41' trimRecHeight='52' charValue='52' charOffsetX='3' charOffsetY='0' charAdvanceX='46' />
    <Sprite nameId='Poppins-Medium' originX='0' originY='0' positionX='620' positionY='0' sourceSizeWidth='37' sourceSizeHeight='100' padding='0' trimmed='0' trimRecX='0' trimRecY='22' trimRecWidth='37' trimRecHeight='53' charValue='53' charOffsetX='5' charOffsetY='0' charAdvanceX='45' />
    <Sprite nameId='Poppins-Medium' originX='0' originY='0' positionX='657' positionY='0' sourceSizeWidth='37' sourceSizeHeight='100' padding='0' trimmed='0' trimRecX='0' trimRecY='21' trimRecWidth='37' trimRecHeight='54' charValue='54' charOffsetX='5' charOffsetY='0' charAdvanceX='45' />
    <Sprite nameId='Poppins-Medium' originX='0' originY='0' positionX='694' positionY='0' sourceSizeWidth='36' sourceSizeHeight='100' padding='0' trimmed='0' trimRecX='0' trimRecY='23' trimRecWidth='36' trimRecHeight='52' charValue='55' charOffsetX='2' charOffsetY='0' charAdvanceX='40' />
    <Sprite nameId='Poppins-Medium' originX='0' originY='0' positionX='730' positionY='0' sourceSizeWidth='38' sourceSizeHeight='100' padding='0' trimmed='0' trimRecX='0' trimRecY='22' trimRecWidth='38' trimRecHeight='55' charValue='56' charOffsetX='4' charOffsetY='0' charAdvanceX='45' />
    <Sprite nameId='Poppins-Medium' originX='0' originY='0' positionX='768' positionY='0' sourceSizeWidth='36' sourceSizeHeight='100' padding='0' trimmed='0' trimRecX='0' trimRecY='21' trimRecWidth='36' trimRecHeight='54' charValue='57' charOffsetX='5' charOffsetY='0' charAdvanceX='45' />
    <Sprite nameId='Poppins-Medium' originX='0' originY='0' positionX='804' positionY='0' sourceSizeWidth='11' sourceSizeHeight='100' padding='0' trimmed='0' trimRecX='0' trimRecY='35' trimRecWidth='11' trimRecHeight='41' charValue='58' charOffsetX='3' charOffsetY='0' charAdvanceX='17' />
    <Sprite nameId='Poppins-Medium' originX='0' originY='0' positionX='815' positionY='0' sourceSizeWidth='15' sourceSizeHeight='100' padding='0' trimmed='0' trimRecX='0' trimRecY='35' trimRecWidth='15' trimRecHeight='50' charValue='59' charOffsetX='2' charOffsetY='0' charAdvanceX='21' />
    <Sprite nameId='Poppins-Medium' originX='0' originY='0' positionX='830' positionY='0' sourceSizeWidth='27' sourceSizeHeight='100' padding='0' trimmed='0' trimRecX='0' trimRecY='33' trimRecWidth='27' trimRecHeight='33' charValue='60' charOffsetX='7' charOffsetY='0' charAdvanceX='43' />
    <Sprite nameId='Poppins-Medium' originX='0' originY='0' positionX='857' positionY='0' sourceSizeWidth='39' sourceSizeHeight='100' padding='0' trimmed='0' trimRecX='0' trimRecY='37' trimRecWidth='39' trimRecHeight='24' charValue='61' charOffsetX='8' charOffsetY='0' charAdvanceX='55' />
    <Sprite nameId='Poppins-Medium' originX='0' originY='0' positionX='896' positionY='0' sourceSizeWidth='27' sourceSizeHeight='100' padding='0' trimmed='0' trimRecX='0' trimRecY='33' trimRecWidth='27' trimRecHeight='33' charValue='62' charOffsetX='8' charOffsetY='0' charAdvanceX='42' />
    <Sprite nameId='Poppins-Medium' originX='0' originY='0' positionX='923' positionY='0' sourceSizeWidth='33' sourceSizeHeight='100' padding='0' trimmed='0' trimRecX='0' trimRecY='24' trimRecWidth='33' trimRecHeight='52' charValue='63' charOffsetX='2' charOffsetY='0' charAdvanceX='38' />
    <Sprite nameId='Poppins-Medium' originX='0' originY='0' positionX='956' positionY='0' sourceSizeWidth='64' sourceSizeHeight='100' padding='0' trimmed='0' trimRecX='0' trimRecY='28' trimRecWidth='64' trimRecHeight='62' charValue='64' charOffsetX='5' charOffsetY='0' charAdvanceX='73' />
    <Sprite nameId='Poppins-Medium' originX='0' originY='0' positionX='0' positionY='100' sourceSizeWidth='46' sourceSizeHeight='100' padding='0' trimmed='0' trimRecX='0' trimRecY='25' trimRecWidth='46' trimRecHeight='50' charValue='65' charOffsetX='2' charOffsetY='0' charAdvanceX='49' />
    <Sprite nameId='Poppins-Medium' originX='0' originY='0' positionX='46' positionY='100' sourceSizeWidth='37' sourceSizeHeight='100' padding='0' trimmed='0' trimRecX='0' trimRecY='25' trimRecWidth='37' trimRecHeight='50' charValue='66' charOffsetX='5' charOffsetY='0' charAdvanceX='45' />
    <Sprite nameId='Poppins-Medium' originX='0' originY='0' positionX='83' positionY='100' sourceSizeWidth='50' sourceSizeHeight='100' padding='0' trimmed='0' trimRecX='0' trimRecY='24' trimRecWidth='50' trimRecHeight='52' charValue='67' charOffsetX='2' charOffsetY='0' charAdvanceX='55' />
    <Sprite nameId='Poppins-Medium' originX='0' originY='0' positionX='133' positionY='100' sourceSizeWidth='43' sourceSizeHeight='100' padding='0' trimmed='0' trimRecX='0' trimRecY='25' trimRecWidth='43' trimRecHeight='50' charValue='68' charOffsetX='5' charOffsetY='0' charAdvanceX='50' />
    <Sprite nameId='Poppins-Medium' originX='0' originY='0' positionX='176' positionY='100' sourceSizeWidth='28' sourceSizeHeight='100' padding='0' trimmed='0' trimRecX='0' trimRecY='25' trimRecWidth='28' trimRecHeight='50' charValue='69' charOffsetX='5' charOffsetY='0' charAdvanceX='37' />
    <Sprite nameId='Poppins-Medium' originX='0' originY='0' positionX='204' positionY='100' sourceSizeWidth='30' sourceSizeHeight='100' padding='0' trimmed='0' trimRecX='0' trimRecY='25' trimRecWidth='30' trimRecHeight='50' charValue='70' charOffsetX='5' charOffsetY='0' charAdvanceX='36' />
    <Sprite nameId='Poppins-Medium' originX='0' originY='0' positionX='234' positionY='100' sourceSizeWidth='51' sourceSizeHeight='100' padding='0' trimmed='0' trimRecX='0' trimRecY='24' trimRecWidth='51' trimRecHeight='52' charValue='71' charOffsetX='2' charOffsetY='0' charAdvanceX='55' />
    <Sprite nameId='Poppins-Medium' originX='0' originY='0' positionX='285' positionY='100' sourceSizeWidth='41' sourceSizeHeight='100' padding='0' trimmed='0' trimRecX='0' trimRecY='25' trimRecWidth='40' trimRecHeight='50' charValue='72' charOffsetX='5' charOffsetY='0' charAdvanceX='50' />
    <Sprite nameId='Poppins-Medium' originX='0' originY='0' positionX='326' positionY='100' sourceSizeWidth='9' sourceSizeHeight='100' padding='0' trimmed='0' trimRecX='0' trimRecY='25' trimRecWidth='9' trimRecHeight='50' charValue='73' charOffsetX='5' charOffsetY='0' charAdvanceX='18' />
    <Sprite nameId='Poppins-Medium' originX='0' originY='0' positionX='335' positionY='100' sourceSizeWidth='30' sourceSizeHeight='100' padding='0' trimmed='0' trimRecX='0' trimRecY='25' trimRecWidth='30' trimRecHeight='51' charValue='74' charOffsetX='3' charOffsetY='0' charAdvanceX='40' />
    <Sprite nameId='Poppins-Medium' originX='0' originY='0' positionX='365' positionY='100' sourceSizeWidth='39' sourceSizeHeight='100' padding='0' trimmed='0' trimRecX='0' trimRecY='25' trimRecWidth='39' trimRecHeight='50' charValue='75' charOffsetX='5' charOffsetY='0' charAdvanceX='45' />
    <Sprite nameId='Poppins-Medium' originX='0' originY='0' positionX='404' positionY='100' sourceSizeWidth='26' sourceSizeHeight='100' padding='0' trimmed='0' trimRecX='0' trimRecY='25' trimRecWidth='26' trimRecHeight='50' charValue='76' charOffsetX='5' charOffsetY='0' charAdvanceX='31' />
    <Sprite nameId='Poppins-Medium' originX='0' originY='0' positionX='430' positionY='100' sourceSizeWidth='53' sourceSizeHeight='100' padding='0' trimmed='0' trimRecX='0' trimRecY='25' trimRecWidth='53' trimRecHeight='50' charValue='77' charOffsetX='5' charOffsetY='0' charAdvanceX='63' />
    <Sprite nameId='Poppins-Medium' originX='0' originY='0' positionX='483' positionY='100' sourceSizeWidth='42' sourceSizeHeight='100' padding='0' trimmed='0' trimRecX='0' trimRecY='25' trimRecWidth='42' trimRecHeight='50' charValue='78' charOffsetX='5' charOffsetY='0' charAdvanceX='51' />
    <Sprite nameId='Poppins-Medium' originX='0' originY='0' positionX='525' positionY='100' sourceSizeWidth='52' sourceSizeHeight='100' padding='0' trimmed='0' trimRecX='0' trimRecY='24' trimRecWidth='52' trimRecHeight='52' charValue='79' charOffsetX='2' charOffsetY='0' charAdvanceX='56' />
    <Sprite nameId='Poppins-Medium' originX='0' originY='0' positionX='577' positionY='100' sourceSizeWidth='36' sourceSizeHeight='100' padding='0' trimmed='0' trimRecX='0' trimRecY='25' trimRecWidth='36' trimRecHeight='50' charValue='80' charOffsetX='5' charOffsetY='0' charAdvanceX='42' />
    <Sprite nameId='Poppins-Medium' originX='0' originY='0' positionX='613' positionY='100' sourceSizeWidth='53' sourceSizeHeight='100' padding='0' trimmed='0' trimRecX='0' trimRecY='24' trimRecWidth='53' trimRecHeight='60' charValue='81' charOffsetX='2' charOffsetY='0' charAdvanceX='56' />
    <Sprite nameId='Poppins-Medium' originX='0' originY='0' positionX='666' positionY='100' sourceSizeWidth='36' sourceSizeHeight='100' padding='0' trimmed='0' trimRecX='0' trimRecY='25' trimRecWidth='36' trimRecHeight='50' charValue='82' charOffsetX='5' charOffsetY='0' charAdvanceX='45' />
    <Sprite nameId='Poppins-Medium' originX='0' originY='0' positionX='702' positionY='100' sourceSizeWidth='35' sourceSizeHeight='100' padding='0' trimmed='0' trimRecX='0' trimRecY='24' trimRecWidth='35' trimRecHeight='52' charValue='83' charOffsetX='4' charOffsetY='0' charAdvanceX='43' />
    <Sprite nameId='Poppins-Medium' originX='0' originY='0' positionX='737' positionY='100' sourceSizeWidth='36' sourceSizeHeight='100' padding='0' trimmed='0' trimRecX='0' trimRecY='25' trimRecWidth='36' trimRecHeight='50' charValue='84' charOffsetX='2' charOffsetY='0' charAdvanceX='40' />
    <Sprite nameId='Poppins-Medium' originX='0' originY='0' positionX='773' positionY='100' sourceSizeWidth='40' sourceSizeHeight='100' padding='0' trimmed='0' trimRecX='0' trimRecY='25' trimRecWidth='40' trimRecHeight='51' charValue='85' charOffsetX='5' charOffsetY='0' charAdvanceX='49' />
    <Sprite nameId='Poppins-Medium' originX='0' originY='0' positionX='813' positionY='100' sourceSizeWidth='48' sourceSizeHeight='100' padding='0' trimmed='0' trimRecX='0' trimRecY='25' trimRecWidth='48' trimRecHeight='50' charValue='86' charOffsetX='1' charOffsetY='0' charAdvanceX='49' />
    <Sprite nameId='Poppins-Medium' originX='0' originY='0' positionX='861' positionY='100' sourceSizeWidth='69' sourceSizeHeight='100' padding='0' trimmed='0' trimRecX='0' trimRecY='25' trimRecWidth='69' trimRecHeight='51' charValue='87' charOffsetX='1' charOffsetY='0' charAdvanceX='71' />
    <Sprite nameId='Poppins-Medium' originX='0' originY='0' positionX='930' positionY='100' sourceSizeWidth='41' sourceSizeHeight='100' padding='0' trimmed='0' trimRecX='0' trimRecY='25' trimRecWidth='41' trimRecHeight='50' charValue='88' charOffsetX='3' charOffsetY='0' charAdvanceX='47' />
    <Sprite nameId='Poppins-Medium' originX='0' originY='0' positionX='971' positionY='100' sourceSizeWidth='42' sourceSizeHeight='100' padding='0' trimmed='0' trimRecX='0' trimRecY='25' trimRecWidth='42' trimRecHeight='50' charValue='89' charOffsetX='1' charOffsetY='0' charAdvanceX='43' />
    <Sprite nameId='Poppins-Medium' originX='0' originY='0' positionX='0' positionY='200' sourceSizeWidth='34' sourceSizeHeight='100' padding='0' trimmed='0' trimRecX='0' trimRecY='25' trimRecWidth='34' trimRecHeight='50' charValue='90' charOffsetX='3' charOffsetY='0' charAdvanceX='39' />
    <Sprite nameId='Poppins-Medium' originX='0' originY='0' positionX='34' positionY='200' sourceSizeWidth='16' sourceSizeHeight='100' padding='0' trimmed='0' trimRecX='0' trimRecY='8' trimRecWidth='16' trimRecHeight='81' charValue='91' charOffsetX='10' charOffsetY='0' charAdvanceX='34' />
    <Sprite nameId='Poppins-Medium' originX='0' originY='0' positionX='50' positionY='200' sourceSizeWidth='31' sourceSizeHeight='100' padding='0' trimmed='0' trimRecX='0' trimRecY='7' trimRecWidth='31' trimRecHeight='81' charValue='92' charOffsetX='11' charOffsetY='0' charAdvanceX='51' />
    <Sprite nameId='Poppins-Medium' originX='0' originY='0' positionX='81' positionY='200' sourceSizeWidth='16' sourceSizeHeight='100' padding='0' trimmed='0' trimRecX='0' trimRecY='8' trimRecWidth='15' trimRecHeight='81' charValue='93' charOffsetX='9' charOffsetY='0' charAdvanceX='34' />
    <Sprite nameId='Poppins-Medium' originX='0' originY='0' positionX='97' positionY='200' sourceSizeWidth='43' sourceSizeHeight='100' padding='0' trimmed='0' trimRecX='0' trimRecY='25' trimRecWidth='43' trimRecHeight='38' charValue='94' charOffsetX='2' charOffsetY='0' charAdvanceX='46' />
    <Sprite nameId='Poppins-Medium' originX='0' originY='0' positionX='140' positionY='200' sourceSizeWidth='40' sourceSizeHeight='100' padding='0' trimmed='0' trimRecX='0' trimRecY='77' trimRecWidth='40' trimRecHeight='9' charValue='95' charOffsetX='9' charOffsetY='0' charAdvanceX='57' />
    <Sprite nameId='Poppins-Medium' originX='0' originY='0' positionX='180' positionY='200' sourceSizeWidth='17' sourceSizeHeight='100' padding='0' trimmed='0' trimRecX='0' trimRecY='18' trimRecWidth='17' trimRecHeight='15' charValue='96' charOffsetX='0' charOffsetY='0' charAdvanceX='18' />
    <Sprite nameId='Poppins-Medium' originX='0' originY='0' positionX='197' positionY='200' sourceSizeWidth='42' sourceSizeHeight='100' padding='0' trimmed='0' trimRecX='0' trimRecY='35' trimRecWidth='42' trimRecHeight='41' charValue='97' charOffsetX='2' charOffsetY='0' charAdvanceX='48' />
    <Sprite nameId='Poppins-Medium' originX='0' originY='0' positionX='239' positionY='200' sourceSizeWidth='41' sourceSizeHeight='100' padding='0' trimmed='0' trimRecX='0' trimRecY='22' trimRecWidth='41' trimRecHeight='54' charValue='98' charOffsetX='5' charOffsetY='0' charAdvanceX='48' />
    <Sprite nameId='Poppins-Medium' originX='0' originY='0' positionX='280' positionY='200' sourceSizeWidth='39' sourceSizeHeight='100' padding='0' trimmed='0' trimRecX='0' trimRecY='35' trimRecWidth='39' trimRecHeight='41' charValue='99' charOffsetX='2' charOffsetY='0' charAdvanceX='42' />
    <Sprite nameId='Poppins-Medium' originX='0' originY='0' positionX='319' positionY='200' sourceSizeWidth='42' sourceSizeHeight='100' padding='0' trimmed='0' trimRecX='0' trimRecY='22' trimRecWidth='42' trimRecHeight='54' charValue='100' charOffsetX='2' charOffsetY='0' charAdvanceX='48' />
    <Sprite nameId='Poppins-Medium' originX='0' originY='0' positionX='361' positionY='200' sourceSizeWidth='40' sourceSizeHeight='100' padding='0' trimmed='0' trimRecX='0' trimRecY='35' trimRecWidth='40' trimRecHeight='41' charValue='101' charOffsetX='2' charOffsetY='0' charAdvanceX='44' />
    <Sprite nameId='Poppins-Medium' originX='0' originY='0' positionX='401' positionY='200' sourceSizeWidth='21' sourceSizeHeight='100' padding='0' trimmed='0' trimRecX='0' trimRecY='19' trimRecWidth='21' trimRecHeight='56' charValue='102' charOffsetX='1' charOffsetY='0' charAdvanceX='23' />
    <Sprite nameId='Poppins-Medium' originX='0' originY='0' positionX='422' positionY='200' sourceSizeWidth='42' sourceSizeHeight='100' padding='0' trimmed='0' trimRecX='0' trimRecY='35' trimRecWidth='42' trimRecHeight='60' charValue='103' charOffsetX='2' charOffsetY='0' charAdvanceX='48' />
    <Sprite nameId='Poppins-Medium' originX='0' originY='0' positionX='464' positionY='200' sourceSizeWidth='37' sourceSizeHeight='100' padding='0' trimmed='0' trimRecX='0' trimRecY='22' trimRecWidth='37' trimRecHeight='53' charValue='104' charOffsetX='5' charOffsetY='0' charAdvanceX='46' />
    <Sprite nameId='Poppins-Medium' originX='0' originY='0' positionX='501' positionY='200' sourceSizeWidth='11' sourceSizeHeight='100' padding='0' trimmed='0' trimRecX='0' trimRecY='20' trimRecWidth='11' trimRecHeight='55' charValue='105' charOffsetX='4' charOffsetY='0' charAdvanceX='18' />
    <Sprite nameId='Poppins-Medium' originX='0' originY='0' positionX='512' positionY='200' sourceSizeWidth='17' sourceSizeHeight='100' padding='0' trimmed='0' trimRecX='0' trimRecY='20' trimRecWidth='17' trimRecHeight='74' charValue='106' charOffsetX='-2' charOffsetY='0' charAdvanceX='18' />
    <Sprite nameId='Poppins-Medium' originX='0' originY='0' positionX='529' positionY='200' sourceSizeWidth='35' sourceSizeHeight='100' padding='0' trimmed='0' trimRecX='0' trimRecY='22' trimRecWidth='35' trimRecHeight='53' charValue='107' charOffsetX='5' charOffsetY='0' charAdvanceX='39' />
    <Sprite nameId='Poppins-Medium' originX='0' originY='0' positionX='564' positionY='200' sourceSizeWidth='9' sourceSizeHeight='100' padding='0' trimmed='0' trimRecX='0' trimRecY='22' trimRecWidth='9' trimRecHeight='53' charValue='108' charOffsetX='5' charOffsetY='0' charAdvanceX='18' />
    <Sprite nameId='Poppins-Medium' originX='0' originY='0' positionX='573' positionY='200' sourceSizeWidth='65' sourceSizeHeight='100' padding='0' trimmed='0' trimRecX='0' trimRecY='35' trimRecWidth='65' trimRecHeight='40' charValue='109' charOffsetX='5' charOffsetY='0' charAdvanceX='74' />
    <Sprite nameId='Poppins-Medium' originX='0' originY='0' positionX='638' positionY='200' sourceSizeWidth='37' sourceSizeHeight='100' padding='0' trimmed='0' trimRecX='0' trimRecY='35' trimRecWidth='37' trimRecHeight='40' charValue='110' charOffsetX='5' charOffsetY='0' charAdvanceX='46' />
    <Sprite nameId='Poppins-Medium' originX='0' originY='0' positionX='675' positionY='200' sourceSizeWidth='41' sourceSizeHeight='100' padding='0' trimmed='0' trimRecX='0' trimRecY='35' trimRecWidth='41' trimRecHeight='41' charValue='111' charOffsetX='2' charOffsetY='0' charAdvanceX='45' />
    <Sprite nameId='Poppins-Medium' originX='0' originY='0' positionX='716' positionY='200' sourceSizeWidth='41' sourceSizeHeight='100' padding='0' trimmed='0' trimRecX='0' trimRecY='35' trimRecWidth='41' trimRecHeight='59' charValue='112' charOffsetX='5' charOffsetY='0' charAdvanceX='48' />
    <Sprite nameId='Poppins-Medium' originX='0' originY='0' positionX='757' positionY='200' sourceSizeWidth='42' sourceSizeHeight='100' padding='0' trimmed='0' trimRecX='0' trimRecY='35' trimRecWidth='42' trimRecHeight='59' charValue='113' charOffsetX='2' charOffsetY='0' charAdvanceX='48' />
    <Sprite nameId='Poppins-Medium' originX='0' originY='0' positionX='799' positionY='200' sourceSizeWidth='21' sourceSizeHeight='100' padding='0' trimmed='0' trimRecX='0' trimRecY='35' trimRecWidth='21' trimRecHeight='40' charValue='114' charOffsetX='5' charOffsetY='0' charAdvanceX='27' />
    <Sprite nameId='Poppins-Medium' originX='0' originY='0' positionX='820' positionY='200' sourceSizeWidth='32' sourceSizeHeight='100' padding='0' trimmed='0' trimRecX='0' trimRecY='35' trimRecWidth='32' trimRecHeight='41' charValue='115' charOffsetX='3' charOffsetY='0' charAdvanceX='38' />
    <Sprite nameId='Poppins-Medium' originX='0' originY='0' positionX='852' positionY='200' sourceSizeWidth='23' sourceSizeHeight='100' padding='0' trimmed='0' trimRecX='0' trimRecY='25' trimRecWidth='23' trimRecHeight='50' charValue='116' charOffsetX='2' charOffsetY='0' charAdvanceX='26' />
    <Sprite nameId='Poppins-Medium' originX='0' originY='0' positionX='875' positionY='200' sourceSizeWidth='36' sourceSizeHeight='100' padding='0' trimmed='0' trimRecX='0' trimRecY='35' trimRecWidth='36' trimRecHeight='41' charValue='117' charOffsetX='5' charOffsetY='0' charAdvanceX='46' />
    <Sprite nameId='Poppins-Medium' originX='0' originY='0' positionX='911' positionY='200' sourceSizeWidth='41' sourceSizeHeight='100' padding='0' trimmed='0' trimRecX='0' trimRecY='35' trimRecWidth='41' trimRecHeight='40' charValue='118' charOffsetX='0' charOffsetY='0' charAdvanceX='41' />
    <Sprite nameId='Poppins-Medium' originX='0' originY='0' positionX='952' positionY='200' sourceSizeWidth='59' sourceSizeHeight='100' padding='0' trimmed='0' trimRecX='0' trimRecY='35' trimRecWidth='59' trimRecHeight='40' charValue='119' charOffsetX='0' charOffsetY='0' charAdvanceX='58' />
    <Sprite nameId='Poppins-Medium' originX='0' originY='0' positionX='0' positionY='300' sourceSizeWidth='35' sourceSizeHeight='100' padding='0' trimmed='0' trimRecX='0' trimRecY='35' trimRecWidth='35' trimRecHeight='40' charValue='120' charOffsetX='0' charOffsetY='0' charAdvanceX='35' />
    <Sprite nameId='Poppins-Medium' originX='0' originY='0' positionX='35' positionY='300' sourceSizeWidth='41' sourceSizeHeight='100' padding='0' trimmed='0' trimRecX='0' trimRecY='35' trimRecWidth='41' trimRecHeight='59' charValue='121' charOffsetX='0' charOffsetY='0' charAdvanceX='41' />
    <Sprite nameId='Poppins-Medium' originX='0' originY='0' positionX='76' positionY='300' sourceSizeWidth='28' sourceSizeHeight='100' padding='0' trimmed='0' trimRecX='0' trimRecY='35' trimRecWidth='28' trimRecHeight='40' charValue='122' charOffsetX='3' charOffsetY='0' charAdvanceX='33' />
    <Sprite nameId='Poppins-Medium' originX='0' originY='0' positionX='104' positionY='300' sourceSizeWidth='22' sourceSizeHeight='100' padding='0' trimmed='0' trimRecX='0' trimRecY='8' trimRecWidth='22' trimRecHeight='81' charValue='123' charOffsetX='9' charOffsetY='0' charAdvanceX='36' />
    <Sprite nameId='Poppins-Medium' originX='0' originY='0' positionX='126' positionY='300' sourceSizeWidth='9' sourceSizeHeight='100' padding='0' trimmed='0' trimRecX='0' trimRecY='17' trimRecWidth='9' trimRecHeight='67' charValue='124' charOffsetX='7' charOffsetY='0' charAdvanceX='23' />
    <Sprite nameId='Poppins-Medium' originX='0' originY='0' positionX='135' positionY='300' sourceSizeWidth='22' sourceSizeHeight='100' padding='0' trimmed='0' trimRecX='0' trimRecY='8' trimRecWidth='22' trimRecHeight='81' charValue='125' charOffsetX='6' charOffsetY='0' charAdvanceX='36' />
    <Sprite nameId='Poppins-Medium' originX='0' originY='0' positionX='157' positionY='300' sourceSizeWidth='35' sourceSizeHeight='100' padding='0' trimmed='0' trimRecX='0' trimRecY='46' trimRecWidth='35' trimRecHeight='13' charValue='126' charOffsetX='2' charOffsetY='0' charAdvanceX='39' />
</AtlasTexture>
