<?xml version="1.0" encoding="utf-8" ?>
<!--
    rTexPacker XML atlas descriptor file (v1.0)
    Number of packed sprites:     95

    NOTE: This atlas contains a sprite font description
-->
<AtlasTexture imagePath='shojumaru.png' width='1024' height='1024' spriteCount='95' isFont='1' fontSize='100'>
    <Sprite nameId='Shojumaru-Regular.ttf' originX='0' originY='0' positionX='0' positionY='0' sourceSizeWidth='30' sourceSizeHeight='100' padding='0' trimmed='0' trimRecX='0' trimRecY='0' trimRecWidth='0' trimRecHeight='0' charValue='32' charOffsetX='0' charOffsetY='0' charAdvanceX='30' />
    <Sprite nameId='Shojumaru-Regular.ttf' originX='0' originY='0' positionX='30' positionY='0' sourceSizeWidth='23' sourceSizeHeight='100' padding='0' trimmed='0' trimRecX='0' trimRecY='17' trimRecWidth='23' trimRecHeight='58' charValue='33' charOffsetX='1' charOffsetY='0' charAdvanceX='25' />
    <Sprite nameId='Shojumaru-Regular.ttf' originX='0' originY='0' positionX='53' positionY='0' sourceSizeWidth='32' sourceSizeHeight='100' padding='0' trimmed='0' trimRecX='0' trimRecY='21' trimRecWidth='32' trimRecHeight='21' charValue='34' charOffsetX='1' charOffsetY='0' charAdvanceX='34' />
    <Sprite nameId='Shojumaru-Regular.ttf' originX='0' originY='0' positionX='85' positionY='0' sourceSizeWidth='44' sourceSizeHeight='100' padding='0' trimmed='0' trimRecX='0' trimRecY='26' trimRecWidth='44' trimRecHeight='42' charValue='35' charOffsetX='2' charOffsetY='0' charAdvanceX='47' />
    <Sprite nameId='Shojumaru-Regular.ttf' originX='0' originY='0' positionX='129' positionY='0' sourceSizeWidth='42' sourceSizeHeight='100' padding='0' trimmed='0' trimRecX='0' trimRecY='12' trimRecWidth='42' trimRecHeight='74' charValue='36' charOffsetX='2' charOffsetY='0' charAdvanceX='46' />
    <Sprite nameId='Shojumaru-Regular.ttf' originX='0' originY='0' positionX='171' positionY='0' sourceSizeWidth='64' sourceSizeHeight='100' padding='0' trimmed='0' trimRecX='0' trimRecY='17' trimRecWidth='64' trimRecHeight='62' charValue='37' charOffsetX='2' charOffsetY='0' charAdvanceX='67' />
    <Sprite nameId='Shojumaru-Regular.ttf' originX='0' originY='0' positionX='235' positionY='0' sourceSizeWidth='47' sourceSizeHeight='100' padding='0' trimmed='0' trimRecX='0' trimRecY='9' trimRecWidth='47' trimRecHeight='76' charValue='38' charOffsetX='-1' charOffsetY='0' charAdvanceX='45' />
    <Sprite nameId='Shojumaru-Regular.ttf' originX='0' originY='0' positionX='282' positionY='0' sourceSizeWidth='17' sourceSizeHeight='100' padding='0' trimmed='0' trimRecX='0' trimRecY='21' trimRecWidth='17' trimRecHeight='21' charValue='39' charOffsetX='1' charOffsetY='0' charAdvanceX='19' />
    <Sprite nameId='Shojumaru-Regular.ttf' originX='0' originY='0' positionX='299' positionY='0' sourceSizeWidth='37' sourceSizeHeight='100' padding='0' trimmed='0' trimRecX='0' trimRecY='6' trimRecWidth='37' trimRecHeight='80' charValue='40' charOffsetX='1' charOffsetY='0' charAdvanceX='35' />
    <Sprite nameId='Shojumaru-Regular.ttf' originX='0' originY='0' positionX='336' positionY='0' sourceSizeWidth='37' sourceSizeHeight='100' padding='0' trimmed='0' trimRecX='0' trimRecY='6' trimRecWidth='37' trimRecHeight='80' charValue='41' charOffsetX='-2' charOffsetY='0' charAdvanceX='35' />
    <Sprite nameId='Shojumaru-Regular.ttf' originX='0' originY='0' positionX='373' positionY='0' sourceSizeWidth='35' sourceSizeHeight='100' padding='0' trimmed='0' trimRecX='0' trimRecY='21' trimRecWidth='35' trimRecHeight='33' charValue='42' charOffsetX='2' charOffsetY='0' charAdvanceX='39' />
    <Sprite nameId='Shojumaru-Regular.ttf' originX='0' originY='0' positionX='408' positionY='0' sourceSizeWidth='30' sourceSizeHeight='100' padding='0' trimmed='0' trimRecX='0' trimRecY='34' trimRecWidth='30' trimRecHeight='29' charValue='43' charOffsetX='2' charOffsetY='0' charAdvanceX='33' />
    <Sprite nameId='Shojumaru-Regular.ttf' originX='0' originY='0' positionX='438' positionY='0' sourceSizeWidth='24' sourceSizeHeight='100' padding='0' trimmed='0' trimRecX='0' trimRecY='61' trimRecWidth='24' trimRecHeight='22' charValue='44' charOffsetX='-2' charOffsetY='0' charAdvanceX='22' />
    <Sprite nameId='Shojumaru-Regular.ttf' originX='0' originY='0' positionX='462' positionY='0' sourceSizeWidth='30' sourceSizeHeight='100' padding='0' trimmed='0' trimRecX='0' trimRecY='41' trimRecWidth='30' trimRecHeight='15' charValue='45' charOffsetX='3' charOffsetY='0' charAdvanceX='36' />
    <Sprite nameId='Shojumaru-Regular.ttf' originX='0' originY='0' positionX='492' positionY='0' sourceSizeWidth='21' sourceSizeHeight='100' padding='0' trimmed='0' trimRecX='0' trimRecY='62' trimRecWidth='21' trimRecHeight='13' charValue='46' charOffsetX='1' charOffsetY='0' charAdvanceX='23' />
    <Sprite nameId='Shojumaru-Regular.ttf' originX='0' originY='0' positionX='513' positionY='0' sourceSizeWidth='46' sourceSizeHeight='100' padding='0' trimmed='0' trimRecX='0' trimRecY='17' trimRecWidth='46' trimRecHeight='62' charValue='47' charOffsetX='1' charOffsetY='0' charAdvanceX='48' />
    <Sprite nameId='Shojumaru-Regular.ttf' originX='0' originY='0' positionX='559' positionY='0' sourceSizeWidth='60' sourceSizeHeight='100' padding='0' trimmed='0' trimRecX='0' trimRecY='18' trimRecWidth='60' trimRecHeight='60' charValue='48' charOffsetX='1' charOffsetY='0' charAdvanceX='62' />
    <Sprite nameId='Shojumaru-Regular.ttf' originX='0' originY='0' positionX='619' positionY='0' sourceSizeWidth='31' sourceSizeHeight='100' padding='0' trimmed='0' trimRecX='0' trimRecY='19' trimRecWidth='31' trimRecHeight='60' charValue='49' charOffsetX='1' charOffsetY='0' charAdvanceX='34' />
    <Sprite nameId='Shojumaru-Regular.ttf' originX='0' originY='0' positionX='650' positionY='0' sourceSizeWidth='60' sourceSizeHeight='100' padding='0' trimmed='0' trimRecX='0' trimRecY='17' trimRecWidth='60' trimRecHeight='62' charValue='50' charOffsetX='0' charOffsetY='0' charAdvanceX='60' />
    <Sprite nameId='Shojumaru-Regular.ttf' originX='0' originY='0' positionX='710' positionY='0' sourceSizeWidth='58' sourceSizeHeight='100' padding='0' trimmed='0' trimRecX='0' trimRecY='17' trimRecWidth='58' trimRecHeight='61' charValue='51' charOffsetX='0' charOffsetY='0' charAdvanceX='57' />
    <Sprite nameId='Shojumaru-Regular.ttf' originX='0' originY='0' positionX='768' positionY='0' sourceSizeWidth='57' sourceSizeHeight='100' padding='0' trimmed='0' trimRecX='0' trimRecY='19' trimRecWidth='57' trimRecHeight='59' charValue='52' charOffsetX='-1' charOffsetY='0' charAdvanceX='58' />
    <Sprite nameId='Shojumaru-Regular.ttf' originX='0' originY='0' positionX='825' positionY='0' sourceSizeWidth='58' sourceSizeHeight='100' padding='0' trimmed='0' trimRecX='0' trimRecY='16' trimRecWidth='58' trimRecHeight='64' charValue='53' charOffsetX='0' charOffsetY='0' charAdvanceX='57' />
    <Sprite nameId='Shojumaru-Regular.ttf' originX='0' originY='0' positionX='883' positionY='0' sourceSizeWidth='57' sourceSizeHeight='100' padding='0' trimmed='0' trimRecX='0' trimRecY='15' trimRecWidth='57' trimRecHeight='65' charValue='54' charOffsetX='1' charOffsetY='0' charAdvanceX='57' />
    <Sprite nameId='Shojumaru-Regular.ttf' originX='0' originY='0' positionX='940' positionY='0' sourceSizeWidth='57' sourceSizeHeight='100' padding='0' trimmed='0' trimRecX='0' trimRecY='19' trimRecWidth='57' trimRecHeight='61' charValue='55' charOffsetX='0' charOffsetY='0' charAdvanceX='54' />
    <Sprite nameId='Shojumaru-Regular.ttf' originX='0' originY='0' positionX='0' positionY='100' sourceSizeWidth='62' sourceSizeHeight='100' padding='0' trimmed='0' trimRecX='0' trimRecY='17' trimRecWidth='62' trimRecHeight='63' charValue='56' charOffsetX='0' charOffsetY='0' charAdvanceX='63' />
    <Sprite nameId='Shojumaru-Regular.ttf' originX='0' originY='0' positionX='62' positionY='100' sourceSizeWidth='57' sourceSizeHeight='100' padding='0' trimmed='0' trimRecX='0' trimRecY='17' trimRecWidth='57' trimRecHeight='64' charValue='57' charOffsetX='0' charOffsetY='0' charAdvanceX='57' />
    <Sprite nameId='Shojumaru-Regular.ttf' originX='0' originY='0' positionX='119' positionY='100' sourceSizeWidth='21' sourceSizeHeight='100' padding='0' trimmed='0' trimRecX='0' trimRecY='39' trimRecWidth='21' trimRecHeight='36' charValue='58' charOffsetX='3' charOffsetY='0' charAdvanceX='27' />
    <Sprite nameId='Shojumaru-Regular.ttf' originX='0' originY='0' positionX='140' positionY='100' sourceSizeWidth='26' sourceSizeHeight='100' padding='0' trimmed='0' trimRecX='0' trimRecY='39' trimRecWidth='26' trimRecHeight='44' charValue='59' charOffsetX='-1' charOffsetY='0' charAdvanceX='26' />
    <Sprite nameId='Shojumaru-Regular.ttf' originX='0' originY='0' positionX='166' positionY='100' sourceSizeWidth='26' sourceSizeHeight='100' padding='0' trimmed='0' trimRecX='0' trimRecY='23' trimRecWidth='26' trimRecHeight='50' charValue='60' charOffsetX='1' charOffsetY='0' charAdvanceX='30' />
    <Sprite nameId='Shojumaru-Regular.ttf' originX='0' originY='0' positionX='192' positionY='100' sourceSizeWidth='30' sourceSizeHeight='100' padding='0' trimmed='0' trimRecX='0' trimRecY='33' trimRecWidth='30' trimRecHeight='32' charValue='61' charOffsetX='3' charOffsetY='0' charAdvanceX='36' />
    <Sprite nameId='Shojumaru-Regular.ttf' originX='0' originY='0' positionX='222' positionY='100' sourceSizeWidth='26' sourceSizeHeight='100' padding='0' trimmed='0' trimRecX='0' trimRecY='23' trimRecWidth='26' trimRecHeight='50' charValue='62' charOffsetX='3' charOffsetY='0' charAdvanceX='30' />
    <Sprite nameId='Shojumaru-Regular.ttf' originX='0' originY='0' positionX='248' positionY='100' sourceSizeWidth='57' sourceSizeHeight='100' padding='0' trimmed='0' trimRecX='0' trimRecY='17' trimRecWidth='57' trimRecHeight='58' charValue='63' charOffsetX='2' charOffsetY='0' charAdvanceX='60' />
    <Sprite nameId='Shojumaru-Regular.ttf' originX='0' originY='0' positionX='305' positionY='100' sourceSizeWidth='73' sourceSizeHeight='100' padding='0' trimmed='0' trimRecX='1' trimRecY='22' trimRecWidth='72' trimRecHeight='63' charValue='64' charOffsetX='2' charOffsetY='0' charAdvanceX='76' />
    <Sprite nameId='Shojumaru-Regular.ttf' originX='0' originY='0' positionX='378' positionY='100' sourceSizeWidth='74' sourceSizeHeight='100' padding='0' trimmed='0' trimRecX='1' trimRecY='16' trimRecWidth='73' trimRecHeight='64' charValue='65' charOffsetX='-6' charOffsetY='0' charAdvanceX='68' />
    <Sprite nameId='Shojumaru-Regular.ttf' originX='0' originY='0' positionX='452' positionY='100' sourceSizeWidth='62' sourceSizeHeight='100' padding='0' trimmed='0' trimRecX='1' trimRecY='17' trimRecWidth='61' trimRecHeight='64' charValue='66' charOffsetX='0' charOffsetY='0' charAdvanceX='63' />
    <Sprite nameId='Shojumaru-Regular.ttf' originX='0' originY='0' positionX='514' positionY='100' sourceSizeWidth='61' sourceSizeHeight='100' padding='0' trimmed='0' trimRecX='0' trimRecY='18' trimRecWidth='61' trimRecHeight='60' charValue='67' charOffsetX='0' charOffsetY='0' charAdvanceX='61' />
    <Sprite nameId='Shojumaru-Regular.ttf' originX='0' originY='0' positionX='575' positionY='100' sourceSizeWidth='64' sourceSizeHeight='100' padding='0' trimmed='0' trimRecX='0' trimRecY='17' trimRecWidth='64' trimRecHeight='60' charValue='68' charOffsetX='0' charOffsetY='0' charAdvanceX='64' />
    <Sprite nameId='Shojumaru-Regular.ttf' originX='0' originY='0' positionX='639' positionY='100' sourceSizeWidth='56' sourceSizeHeight='100' padding='0' trimmed='0' trimRecX='0' trimRecY='19' trimRecWidth='56' trimRecHeight='59' charValue='69' charOffsetX='0' charOffsetY='0' charAdvanceX='56' />
    <Sprite nameId='Shojumaru-Regular.ttf' originX='0' originY='0' positionX='695' positionY='100' sourceSizeWidth='55' sourceSizeHeight='100' padding='0' trimmed='0' trimRecX='0' trimRecY='19' trimRecWidth='55' trimRecHeight='59' charValue='70' charOffsetX='1' charOffsetY='0' charAdvanceX='56' />
    <Sprite nameId='Shojumaru-Regular.ttf' originX='0' originY='0' positionX='750' positionY='100' sourceSizeWidth='61' sourceSizeHeight='100' padding='0' trimmed='0' trimRecX='0' trimRecY='18' trimRecWidth='61' trimRecHeight='60' charValue='71' charOffsetX='0' charOffsetY='0' charAdvanceX='62' />
    <Sprite nameId='Shojumaru-Regular.ttf' originX='0' originY='0' positionX='811' positionY='100' sourceSizeWidth='63' sourceSizeHeight='100' padding='0' trimmed='0' trimRecX='0' trimRecY='18' trimRecWidth='63' trimRecHeight='59' charValue='72' charOffsetX='1' charOffsetY='0' charAdvanceX='66' />
    <Sprite nameId='Shojumaru-Regular.ttf' originX='0' originY='0' positionX='874' positionY='100' sourceSizeWidth='22' sourceSizeHeight='100' padding='0' trimmed='0' trimRecX='0' trimRecY='19' trimRecWidth='22' trimRecHeight='57' charValue='73' charOffsetX='3' charOffsetY='0' charAdvanceX='27' />
    <Sprite nameId='Shojumaru-Regular.ttf' originX='0' originY='0' positionX='896' positionY='100' sourceSizeWidth='52' sourceSizeHeight='100' padding='0' trimmed='0' trimRecX='0' trimRecY='16' trimRecWidth='52' trimRecHeight='63' charValue='74' charOffsetX='-2' charOffsetY='0' charAdvanceX='49' />
    <Sprite nameId='Shojumaru-Regular.ttf' originX='0' originY='0' positionX='948' positionY='100' sourceSizeWidth='64' sourceSizeHeight='100' padding='0' trimmed='0' trimRecX='0' trimRecY='18' trimRecWidth='64' trimRecHeight='61' charValue='75' charOffsetX='1' charOffsetY='0' charAdvanceX='62' />
    <Sprite nameId='Shojumaru-Regular.ttf' originX='0' originY='0' positionX='0' positionY='200' sourceSizeWidth='55' sourceSizeHeight='100' padding='0' trimmed='0' trimRecX='0' trimRecY='19' trimRecWidth='55' trimRecHeight='56' charValue='76' charOffsetX='-1' charOffsetY='0' charAdvanceX='53' />
    <Sprite nameId='Shojumaru-Regular.ttf' originX='0' originY='0' positionX='55' positionY='200' sourceSizeWidth='83' sourceSizeHeight='100' padding='0' trimmed='0' trimRecX='0' trimRecY='17' trimRecWidth='83' trimRecHeight='61' charValue='77' charOffsetX='-1' charOffsetY='0' charAdvanceX='81' />
    <Sprite nameId='Shojumaru-Regular.ttf' originX='0' originY='0' positionX='138' positionY='200' sourceSizeWidth='70' sourceSizeHeight='100' padding='0' trimmed='0' trimRecX='0' trimRecY='16' trimRecWidth='70' trimRecHeight='61' charValue='78' charOffsetX='-1' charOffsetY='0' charAdvanceX='67' />
    <Sprite nameId='Shojumaru-Regular.ttf' originX='0' originY='0' positionX='208' positionY='200' sourceSizeWidth='66' sourceSizeHeight='100' padding='0' trimmed='0' trimRecX='0' trimRecY='20' trimRecWidth='66' trimRecHeight='57' charValue='79' charOffsetX='1' charOffsetY='0' charAdvanceX='68' />
    <Sprite nameId='Shojumaru-Regular.ttf' originX='0' originY='0' positionX='274' positionY='200' sourceSizeWidth='65' sourceSizeHeight='100' padding='0' trimmed='0' trimRecX='1' trimRecY='17' trimRecWidth='64' trimRecHeight='62' charValue='80' charOffsetX='0' charOffsetY='0' charAdvanceX='63' />
    <Sprite nameId='Shojumaru-Regular.ttf' originX='0' originY='0' positionX='339' positionY='200' sourceSizeWidth='66' sourceSizeHeight='100' padding='0' trimmed='0' trimRecX='0' trimRecY='20' trimRecWidth='66' trimRecHeight='72' charValue='81' charOffsetX='1' charOffsetY='0' charAdvanceX='68' />
    <Sprite nameId='Shojumaru-Regular.ttf' originX='0' originY='0' positionX='405' positionY='200' sourceSizeWidth='66' sourceSizeHeight='100' padding='0' trimmed='0' trimRecX='1' trimRecY='17' trimRecWidth='65' trimRecHeight='62' charValue='82' charOffsetX='0' charOffsetY='0' charAdvanceX='65' />
    <Sprite nameId='Shojumaru-Regular.ttf' originX='0' originY='0' positionX='471' positionY='200' sourceSizeWidth='61' sourceSizeHeight='100' padding='0' trimmed='0' trimRecX='0' trimRecY='16' trimRecWidth='61' trimRecHeight='63' charValue='83' charOffsetX='0' charOffsetY='0' charAdvanceX='61' />
    <Sprite nameId='Shojumaru-Regular.ttf' originX='0' originY='0' positionX='532' positionY='200' sourceSizeWidth='53' sourceSizeHeight='100' padding='0' trimmed='0' trimRecX='0' trimRecY='13' trimRecWidth='53' trimRecHeight='64' charValue='84' charOffsetX='0' charOffsetY='0' charAdvanceX='51' />
    <Sprite nameId='Shojumaru-Regular.ttf' originX='0' originY='0' positionX='585' positionY='200' sourceSizeWidth='62' sourceSizeHeight='100' padding='0' trimmed='0' trimRecX='0' trimRecY='19' trimRecWidth='62' trimRecHeight='58' charValue='85' charOffsetX='2' charOffsetY='0' charAdvanceX='65' />
    <Sprite nameId='Shojumaru-Regular.ttf' originX='0' originY='0' positionX='647' positionY='200' sourceSizeWidth='66' sourceSizeHeight='100' padding='0' trimmed='0' trimRecX='0' trimRecY='20' trimRecWidth='66' trimRecHeight='55' charValue='86' charOffsetX='-3' charOffsetY='0' charAdvanceX='60' />
    <Sprite nameId='Shojumaru-Regular.ttf' originX='0' originY='0' positionX='713' positionY='200' sourceSizeWidth='80' sourceSizeHeight='100' padding='0' trimmed='0' trimRecX='0' trimRecY='18' trimRecWidth='80' trimRecHeight='59' charValue='87' charOffsetX='-2' charOffsetY='0' charAdvanceX='77' />
    <Sprite nameId='Shojumaru-Regular.ttf' originX='0' originY='0' positionX='793' positionY='200' sourceSizeWidth='71' sourceSizeHeight='100' padding='0' trimmed='0' trimRecX='0' trimRecY='19' trimRecWidth='71' trimRecHeight='57' charValue='88' charOffsetX='-3' charOffsetY='0' charAdvanceX='65' />
    <Sprite nameId='Shojumaru-Regular.ttf' originX='0' originY='0' positionX='864' positionY='200' sourceSizeWidth='75' sourceSizeHeight='100' padding='0' trimmed='0' trimRecX='0' trimRecY='20' trimRecWidth='74' trimRecHeight='56' charValue='89' charOffsetX='-2' charOffsetY='0' charAdvanceX='66' />
    <Sprite nameId='Shojumaru-Regular.ttf' originX='0' originY='0' positionX='939' positionY='200' sourceSizeWidth='63' sourceSizeHeight='100' padding='0' trimmed='0' trimRecX='0' trimRecY='18' trimRecWidth='63' trimRecHeight='58' charValue='90' charOffsetX='-1' charOffsetY='0' charAdvanceX='60' />
    <Sprite nameId='Shojumaru-Regular.ttf' originX='0' originY='0' positionX='0' positionY='300' sourceSizeWidth='32' sourceSizeHeight='100' padding='0' trimmed='0' trimRecX='0' trimRecY='10' trimRecWidth='32' trimRecHeight='74' charValue='91' charOffsetX='2' charOffsetY='0' charAdvanceX='34' />
    <Sprite nameId='Shojumaru-Regular.ttf' originX='0' originY='0' positionX='32' positionY='300' sourceSizeWidth='47' sourceSizeHeight='100' padding='0' trimmed='0' trimRecX='0' trimRecY='17' trimRecWidth='47' trimRecHeight='62' charValue='92' charOffsetX='1' charOffsetY='0' charAdvanceX='48' />
    <Sprite nameId='Shojumaru-Regular.ttf' originX='0' originY='0' positionX='79' positionY='300' sourceSizeWidth='32' sourceSizeHeight='100' padding='0' trimmed='0' trimRecX='0' trimRecY='10' trimRecWidth='32' trimRecHeight='74' charValue='93' charOffsetX='1' charOffsetY='0' charAdvanceX='34' />
    <Sprite nameId='Shojumaru-Regular.ttf' originX='0' originY='0' positionX='111' positionY='300' sourceSizeWidth='38' sourceSizeHeight='100' padding='0' trimmed='0' trimRecX='0' trimRecY='23' trimRecWidth='38' trimRecHeight='31' charValue='94' charOffsetX='0' charOffsetY='0' charAdvanceX='37' />
    <Sprite nameId='Shojumaru-Regular.ttf' originX='0' originY='0' positionX='149' positionY='300' sourceSizeWidth='37' sourceSizeHeight='100' padding='0' trimmed='0' trimRecX='0' trimRecY='76' trimRecWidth='37' trimRecHeight='15' charValue='95' charOffsetX='5' charOffsetY='0' charAdvanceX='47' />
    <Sprite nameId='Shojumaru-Regular.ttf' originX='0' originY='0' positionX='186' positionY='300' sourceSizeWidth='18' sourceSizeHeight='100' padding='0' trimmed='0' trimRecX='0' trimRecY='20' trimRecWidth='18' trimRecHeight='16' charValue='96' charOffsetX='0' charOffsetY='0' charAdvanceX='17' />
    <Sprite nameId='Shojumaru-Regular.ttf' originX='0' originY='0' positionX='204' positionY='300' sourceSizeWidth='66' sourceSizeHeight='100' padding='0' trimmed='0' trimRecX='0' trimRecY='27' trimRecWidth='66' trimRecHeight='52' charValue='97' charOffsetX='-5' charOffsetY='0' charAdvanceX='62' />
    <Sprite nameId='Shojumaru-Regular.ttf' originX='0' originY='0' positionX='270' positionY='300' sourceSizeWidth='56' sourceSizeHeight='100' padding='0' trimmed='0' trimRecX='0' trimRecY='28' trimRecWidth='56' trimRecHeight='52' charValue='98' charOffsetX='1' charOffsetY='0' charAdvanceX='58' />
    <Sprite nameId='Shojumaru-Regular.ttf' originX='0' originY='0' positionX='326' positionY='300' sourceSizeWidth='55' sourceSizeHeight='100' padding='0' trimmed='0' trimRecX='0' trimRecY='29' trimRecWidth='55' trimRecHeight='48' charValue='99' charOffsetX='1' charOffsetY='0' charAdvanceX='57' />
    <Sprite nameId='Shojumaru-Regular.ttf' originX='0' originY='0' positionX='381' positionY='300' sourceSizeWidth='57' sourceSizeHeight='100' padding='0' trimmed='0' trimRecX='0' trimRecY='28' trimRecWidth='57' trimRecHeight='49' charValue='100' charOffsetX='1' charOffsetY='0' charAdvanceX='59' />
    <Sprite nameId='Shojumaru-Regular.ttf' originX='0' originY='0' positionX='438' positionY='300' sourceSizeWidth='50' sourceSizeHeight='100' padding='0' trimmed='0' trimRecX='0' trimRecY='30' trimRecWidth='50' trimRecHeight='48' charValue='101' charOffsetX='1' charOffsetY='0' charAdvanceX='53' />
    <Sprite nameId='Shojumaru-Regular.ttf' originX='0' originY='0' positionX='488' positionY='300' sourceSizeWidth='51' sourceSizeHeight='100' padding='0' trimmed='0' trimRecX='1' trimRecY='30' trimRecWidth='50' trimRecHeight='48' charValue='102' charOffsetX='1' charOffsetY='0' charAdvanceX='52' />
    <Sprite nameId='Shojumaru-Regular.ttf' originX='0' originY='0' positionX='539' positionY='300' sourceSizeWidth='55' sourceSizeHeight='100' padding='0' trimmed='0' trimRecX='0' trimRecY='29' trimRecWidth='55' trimRecHeight='49' charValue='103' charOffsetX='1' charOffsetY='0' charAdvanceX='58' />
    <Sprite nameId='Shojumaru-Regular.ttf' originX='0' originY='0' positionX='594' positionY='300' sourceSizeWidth='58' sourceSizeHeight='100' padding='0' trimmed='0' trimRecX='0' trimRecY='28' trimRecWidth='58' trimRecHeight='49' charValue='104' charOffsetX='1' charOffsetY='0' charAdvanceX='61' />
    <Sprite nameId='Shojumaru-Regular.ttf' originX='0' originY='0' positionX='652' positionY='300' sourceSizeWidth='21' sourceSizeHeight='100' padding='0' trimmed='0' trimRecX='0' trimRecY='30' trimRecWidth='21' trimRecHeight='46' charValue='105' charOffsetX='3' charOffsetY='0' charAdvanceX='27' />
    <Sprite nameId='Shojumaru-Regular.ttf' originX='0' originY='0' positionX='673' positionY='300' sourceSizeWidth='48' sourceSizeHeight='100' padding='0' trimmed='0' trimRecX='0' trimRecY='27' trimRecWidth='48' trimRecHeight='51' charValue='106' charOffsetX='-2' charOffsetY='0' charAdvanceX='46' />
    <Sprite nameId='Shojumaru-Regular.ttf' originX='0' originY='0' positionX='721' positionY='300' sourceSizeWidth='58' sourceSizeHeight='100' padding='0' trimmed='0' trimRecX='0' trimRecY='28' trimRecWidth='58' trimRecHeight='51' charValue='107' charOffsetX='1' charOffsetY='0' charAdvanceX='57' />
    <Sprite nameId='Shojumaru-Regular.ttf' originX='0' originY='0' positionX='779' positionY='300' sourceSizeWidth='50' sourceSizeHeight='100' padding='0' trimmed='0' trimRecX='0' trimRecY='30' trimRecWidth='50' trimRecHeight='45' charValue='108' charOffsetX='0' charOffsetY='0' charAdvanceX='48' />
    <Sprite nameId='Shojumaru-Regular.ttf' originX='0' originY='0' positionX='829' positionY='300' sourceSizeWidth='75' sourceSizeHeight='100' padding='0' trimmed='0' trimRecX='0' trimRecY='28' trimRecWidth='75' trimRecHeight='49' charValue='109' charOffsetX='0' charOffsetY='0' charAdvanceX='74' />
    <Sprite nameId='Shojumaru-Regular.ttf' originX='0' originY='0' positionX='904' positionY='300' sourceSizeWidth='63' sourceSizeHeight='100' padding='0' trimmed='0' trimRecX='0' trimRecY='27' trimRecWidth='63' trimRecHeight='50' charValue='110' charOffsetX='0' charOffsetY='0' charAdvanceX='61' />
    <Sprite nameId='Shojumaru-Regular.ttf' originX='0' originY='0' positionX='0' positionY='400' sourceSizeWidth='60' sourceSizeHeight='100' padding='0' trimmed='0' trimRecX='0' trimRecY='30' trimRecWidth='60' trimRecHeight='47' charValue='111' charOffsetX='2' charOffsetY='0' charAdvanceX='63' />
    <Sprite nameId='Shojumaru-Regular.ttf' originX='0' originY='0' positionX='60' positionY='400' sourceSizeWidth='59' sourceSizeHeight='100' padding='0' trimmed='0' trimRecX='0' trimRecY='28' trimRecWidth='59' trimRecHeight='51' charValue='112' charOffsetX='1' charOffsetY='0' charAdvanceX='58' />
    <Sprite nameId='Shojumaru-Regular.ttf' originX='0' originY='0' positionX='119' positionY='400' sourceSizeWidth='60' sourceSizeHeight='100' padding='0' trimmed='0' trimRecX='0' trimRecY='30' trimRecWidth='60' trimRecHeight='59' charValue='113' charOffsetX='2' charOffsetY='0' charAdvanceX='63' />
    <Sprite nameId='Shojumaru-Regular.ttf' originX='0' originY='0' positionX='179' positionY='400' sourceSizeWidth='59' sourceSizeHeight='100' padding='0' trimmed='0' trimRecX='0' trimRecY='28' trimRecWidth='59' trimRecHeight='51' charValue='114' charOffsetX='1' charOffsetY='0' charAdvanceX='60' />
    <Sprite nameId='Shojumaru-Regular.ttf' originX='0' originY='0' positionX='238' positionY='400' sourceSizeWidth='55' sourceSizeHeight='100' padding='0' trimmed='0' trimRecX='1' trimRecY='27' trimRecWidth='54' trimRecHeight='51' charValue='115' charOffsetX='0' charOffsetY='0' charAdvanceX='57' />
    <Sprite nameId='Shojumaru-Regular.ttf' originX='0' originY='0' positionX='293' positionY='400' sourceSizeWidth='49' sourceSizeHeight='100' padding='0' trimmed='0' trimRecX='0' trimRecY='25' trimRecWidth='48' trimRecHeight='52' charValue='116' charOffsetX='1' charOffsetY='0' charAdvanceX='49' />
    <Sprite nameId='Shojumaru-Regular.ttf' originX='0' originY='0' positionX='342' positionY='400' sourceSizeWidth='56' sourceSizeHeight='100' padding='0' trimmed='0' trimRecX='0' trimRecY='29' trimRecWidth='56' trimRecHeight='48' charValue='117' charOffsetX='3' charOffsetY='0' charAdvanceX='60' />
    <Sprite nameId='Shojumaru-Regular.ttf' originX='0' originY='0' positionX='398' positionY='400' sourceSizeWidth='60' sourceSizeHeight='100' padding='0' trimmed='0' trimRecX='0' trimRecY='30' trimRecWidth='60' trimRecHeight='45' charValue='118' charOffsetX='-2' charOffsetY='0' charAdvanceX='56' />
    <Sprite nameId='Shojumaru-Regular.ttf' originX='0' originY='0' positionX='458' positionY='400' sourceSizeWidth='72' sourceSizeHeight='100' padding='0' trimmed='0' trimRecX='0' trimRecY='29' trimRecWidth='72' trimRecHeight='48' charValue='119' charOffsetX='-1' charOffsetY='0' charAdvanceX='70' />
    <Sprite nameId='Shojumaru-Regular.ttf' originX='0' originY='0' positionX='530' positionY='400' sourceSizeWidth='64' sourceSizeHeight='100' padding='0' trimmed='0' trimRecX='0' trimRecY='30' trimRecWidth='64' trimRecHeight='45' charValue='120' charOffsetX='-1' charOffsetY='0' charAdvanceX='61' />
    <Sprite nameId='Shojumaru-Regular.ttf' originX='0' originY='0' positionX='594' positionY='400' sourceSizeWidth='66' sourceSizeHeight='100' padding='0' trimmed='0' trimRecX='0' trimRecY='31' trimRecWidth='66' trimRecHeight='45' charValue='121' charOffsetX='0' charOffsetY='0' charAdvanceX='62' />
    <Sprite nameId='Shojumaru-Regular.ttf' originX='0' originY='0' positionX='660' positionY='400' sourceSizeWidth='56' sourceSizeHeight='100' padding='0' trimmed='0' trimRecX='0' trimRecY='29' trimRecWidth='56' trimRecHeight='47' charValue='122' charOffsetX='0' charOffsetY='0' charAdvanceX='55' />
    <Sprite nameId='Shojumaru-Regular.ttf' originX='0' originY='0' positionX='716' positionY='400' sourceSizeWidth='38' sourceSizeHeight='100' padding='0' trimmed='0' trimRecX='0' trimRecY='12' trimRecWidth='38' trimRecHeight='72' charValue='123' charOffsetX='-1' charOffsetY='0' charAdvanceX='35' />
    <Sprite nameId='Shojumaru-Regular.ttf' originX='0' originY='0' positionX='754' positionY='400' sourceSizeWidth='19' sourceSizeHeight='100' padding='0' trimmed='0' trimRecX='0' trimRecY='8' trimRecWidth='19' trimRecHeight='75' charValue='124' charOffsetX='3' charOffsetY='0' charAdvanceX='23' />
    <Sprite nameId='Shojumaru-Regular.ttf' originX='0' originY='0' positionX='773' positionY='400' sourceSizeWidth='39' sourceSizeHeight='100' padding='0' trimmed='0' trimRecX='0' trimRecY='12' trimRecWidth='39' trimRecHeight='72' charValue='125' charOffsetX='-2' charOffsetY='0' charAdvanceX='35' />
    <Sprite nameId='Shojumaru-Regular.ttf' originX='0' originY='0' positionX='812' positionY='400' sourceSizeWidth='35' sourceSizeHeight='100' padding='0' trimmed='0' trimRecX='0' trimRecY='37' trimRecWidth='35' trimRecHeight='19' charValue='126' charOffsetX='2' charOffsetY='0' charAdvanceX='39' />
</AtlasTexture>
