<?xml version="1.0" encoding="utf-8" ?>
<!--
    rTexPacker XML atlas descriptor file (v1.0)
    Number of packed sprites:     95

    NOTE: This atlas contains a sprite font description
-->
<AtlasTexture imagePath='SHOWG.png' width='1024' height='1024' spriteCount='95' isFont='1' fontSize='100'>
    <Sprite nameId='SHOWG.TTF' originX='0' originY='0' positionX='0' positionY='0' sourceSizeWidth='20' sourceSizeHeight='100' padding='1' trimmed='0' trimRecX='0' trimRecY='0' trimRecWidth='0' trimRecHeight='0' charValue='32' charOffsetX='0' charOffsetY='0' charAdvanceX='20' />
    <Sprite nameId='SHOWG.TTF' originX='0' originY='0' positionX='22' positionY='0' sourceSizeWidth='31' sourceSizeHeight='100' padding='1' trimmed='0' trimRecX='0' trimRecY='4' trimRecWidth='31' trimRecHeight='77' charValue='33' charOffsetX='6' charOffsetY='0' charAdvanceX='43' />
    <Sprite nameId='SHOWG.TTF' originX='0' originY='0' positionX='55' positionY='0' sourceSizeWidth='28' sourceSizeHeight='100' padding='1' trimmed='0' trimRecX='0' trimRecY='4' trimRecWidth='28' trimRecHeight='35' charValue='34' charOffsetX='6' charOffsetY='0' charAdvanceX='39' />
    <Sprite nameId='SHOWG.TTF' originX='0' originY='0' positionX='85' positionY='0' sourceSizeWidth='49' sourceSizeHeight='100' padding='1' trimmed='0' trimRecX='0' trimRecY='11' trimRecWidth='49' trimRecHeight='61' charValue='35' charOffsetX='4' charOffsetY='0' charAdvanceX='56' />
    <Sprite nameId='SHOWG.TTF' originX='0' originY='0' positionX='136' positionY='0' sourceSizeWidth='43' sourceSizeHeight='100' padding='1' trimmed='0' trimRecX='0' trimRecY='0' trimRecWidth='43' trimRecHeight='87' charValue='36' charOffsetX='1' charOffsetY='0' charAdvanceX='45' />
    <Sprite nameId='SHOWG.TTF' originX='0' originY='0' positionX='181' positionY='0' sourceSizeWidth='76' sourceSizeHeight='100' padding='1' trimmed='0' trimRecX='0' trimRecY='2' trimRecWidth='75' trimRecHeight='80' charValue='37' charOffsetX='2' charOffsetY='0' charAdvanceX='79' />
    <Sprite nameId='SHOWG.TTF' originX='0' originY='0' positionX='259' positionY='0' sourceSizeWidth='60' sourceSizeHeight='100' padding='1' trimmed='0' trimRecX='0' trimRecY='4' trimRecWidth='60' trimRecHeight='79' charValue='38' charOffsetX='2' charOffsetY='0' charAdvanceX='63' />
    <Sprite nameId='SHOWG.TTF' originX='0' originY='0' positionX='321' positionY='0' sourceSizeWidth='12' sourceSizeHeight='100' padding='1' trimmed='0' trimRecX='0' trimRecY='4' trimRecWidth='12' trimRecHeight='35' charValue='39' charOffsetX='6' charOffsetY='0' charAdvanceX='23' />
    <Sprite nameId='SHOWG.TTF' originX='0' originY='0' positionX='335' positionY='0' sourceSizeWidth='33' sourceSizeHeight='100' padding='1' trimmed='0' trimRecX='0' trimRecY='0' trimRecWidth='33' trimRecHeight='90' charValue='40' charOffsetX='4' charOffsetY='0' charAdvanceX='40' />
    <Sprite nameId='SHOWG.TTF' originX='0' originY='0' positionX='370' positionY='0' sourceSizeWidth='33' sourceSizeHeight='100' padding='1' trimmed='0' trimRecX='0' trimRecY='0' trimRecWidth='33' trimRecHeight='90' charValue='41' charOffsetX='4' charOffsetY='0' charAdvanceX='40' />
    <Sprite nameId='SHOWG.TTF' originX='0' originY='0' positionX='405' positionY='0' sourceSizeWidth='39' sourceSizeHeight='100' padding='1' trimmed='0' trimRecX='0' trimRecY='4' trimRecWidth='39' trimRecHeight='39' charValue='42' charOffsetX='3' charOffsetY='0' charAdvanceX='45' />
    <Sprite nameId='SHOWG.TTF' originX='0' originY='0' positionX='446' positionY='0' sourceSizeWidth='43' sourceSizeHeight='100' padding='1' trimmed='0' trimRecX='0' trimRecY='23' trimRecWidth='43' trimRecHeight='41' charValue='43' charOffsetX='6' charOffsetY='0' charAdvanceX='54' />
    <Sprite nameId='SHOWG.TTF' originX='0' originY='0' positionX='491' positionY='0' sourceSizeWidth='19' sourceSizeHeight='100' padding='1' trimmed='0' trimRecX='1' trimRecY='60' trimRecWidth='18' trimRecHeight='36' charValue='44' charOffsetX='4' charOffsetY='0' charAdvanceX='27' />
    <Sprite nameId='SHOWG.TTF' originX='0' originY='0' positionX='512' positionY='0' sourceSizeWidth='30' sourceSizeHeight='100' padding='1' trimmed='0' trimRecX='0' trimRecY='46' trimRecWidth='30' trimRecHeight='16' charValue='45' charOffsetX='6' charOffsetY='0' charAdvanceX='41' />
    <Sprite nameId='SHOWG.TTF' originX='0' originY='0' positionX='544' positionY='0' sourceSizeWidth='22' sourceSizeHeight='100' padding='1' trimmed='0' trimRecX='0' trimRecY='62' trimRecWidth='22' trimRecHeight='19' charValue='46' charOffsetX='4' charOffsetY='0' charAdvanceX='29' />
    <Sprite nameId='SHOWG.TTF' originX='0' originY='0' positionX='568' positionY='0' sourceSizeWidth='44' sourceSizeHeight='100' padding='1' trimmed='0' trimRecX='0' trimRecY='0' trimRecWidth='44' trimRecHeight='87' charValue='47' charOffsetX='-2' charOffsetY='0' charAdvanceX='42' />
    <Sprite nameId='SHOWG.TTF' originX='0' originY='0' positionX='614' positionY='0' sourceSizeWidth='55' sourceSizeHeight='100' padding='1' trimmed='0' trimRecX='0' trimRecY='3' trimRecWidth='55' trimRecHeight='78' charValue='48' charOffsetX='2' charOffsetY='0' charAdvanceX='58' />
    <Sprite nameId='SHOWG.TTF' originX='0' originY='0' positionX='671' positionY='0' sourceSizeWidth='37' sourceSizeHeight='100' padding='1' trimmed='0' trimRecX='0' trimRecY='1' trimRecWidth='37' trimRecHeight='79' charValue='49' charOffsetX='0' charOffsetY='0' charAdvanceX='41' />
    <Sprite nameId='SHOWG.TTF' originX='0' originY='0' positionX='710' positionY='0' sourceSizeWidth='43' sourceSizeHeight='100' padding='1' trimmed='0' trimRecX='0' trimRecY='2' trimRecWidth='43' trimRecHeight='77' charValue='50' charOffsetX='2' charOffsetY='0' charAdvanceX='45' />
    <Sprite nameId='SHOWG.TTF' originX='0' originY='0' positionX='755' positionY='0' sourceSizeWidth='45' sourceSizeHeight='100' padding='1' trimmed='0' trimRecX='0' trimRecY='2' trimRecWidth='45' trimRecHeight='78' charValue='51' charOffsetX='2' charOffsetY='0' charAdvanceX='49' />
    <Sprite nameId='SHOWG.TTF' originX='0' originY='0' positionX='802' positionY='0' sourceSizeWidth='59' sourceSizeHeight='100' padding='1' trimmed='0' trimRecX='0' trimRecY='4' trimRecWidth='59' trimRecHeight='75' charValue='52' charOffsetX='-2' charOffsetY='0' charAdvanceX='56' />
    <Sprite nameId='SHOWG.TTF' originX='0' originY='0' positionX='863' positionY='0' sourceSizeWidth='46' sourceSizeHeight='100' padding='1' trimmed='0' trimRecX='0' trimRecY='3' trimRecWidth='46' trimRecHeight='78' charValue='53' charOffsetX='2' charOffsetY='0' charAdvanceX='50' />
    <Sprite nameId='SHOWG.TTF' originX='0' originY='0' positionX='911' positionY='0' sourceSizeWidth='50' sourceSizeHeight='100' padding='1' trimmed='0' trimRecX='0' trimRecY='1' trimRecWidth='50' trimRecHeight='80' charValue='54' charOffsetX='2' charOffsetY='0' charAdvanceX='53' />
    <Sprite nameId='SHOWG.TTF' originX='0' originY='0' positionX='963' positionY='0' sourceSizeWidth='51' sourceSizeHeight='100' padding='1' trimmed='0' trimRecX='0' trimRecY='4' trimRecWidth='51' trimRecHeight='76' charValue='55' charOffsetX='2' charOffsetY='0' charAdvanceX='53' />
    <Sprite nameId='SHOWG.TTF' originX='0' originY='0' positionX='0' positionY='102' sourceSizeWidth='51' sourceSizeHeight='100' padding='1' trimmed='0' trimRecX='0' trimRecY='2' trimRecWidth='51' trimRecHeight='78' charValue='56' charOffsetX='2' charOffsetY='0' charAdvanceX='54' />
    <Sprite nameId='SHOWG.TTF' originX='0' originY='0' positionX='53' positionY='102' sourceSizeWidth='51' sourceSizeHeight='100' padding='1' trimmed='0' trimRecX='0' trimRecY='2' trimRecWidth='51' trimRecHeight='79' charValue='57' charOffsetX='2' charOffsetY='0' charAdvanceX='54' />
    <Sprite nameId='SHOWG.TTF' originX='0' originY='0' positionX='106' positionY='102' sourceSizeWidth='23' sourceSizeHeight='100' padding='1' trimmed='0' trimRecX='0' trimRecY='29' trimRecWidth='23' trimRecHeight='52' charValue='58' charOffsetX='6' charOffsetY='0' charAdvanceX='33' />
    <Sprite nameId='SHOWG.TTF' originX='0' originY='0' positionX='131' positionY='102' sourceSizeWidth='22' sourceSizeHeight='100' padding='1' trimmed='0' trimRecX='0' trimRecY='29' trimRecWidth='22' trimRecHeight='67' charValue='59' charOffsetX='6' charOffsetY='0' charAdvanceX='33' />
    <Sprite nameId='SHOWG.TTF' originX='0' originY='0' positionX='155' positionY='102' sourceSizeWidth='32' sourceSizeHeight='100' padding='1' trimmed='0' trimRecX='0' trimRecY='20' trimRecWidth='32' trimRecHeight='43' charValue='60' charOffsetX='4' charOffsetY='0' charAdvanceX='40' />
    <Sprite nameId='SHOWG.TTF' originX='0' originY='0' positionX='189' positionY='102' sourceSizeWidth='39' sourceSizeHeight='100' padding='1' trimmed='0' trimRecX='0' trimRecY='27' trimRecWidth='39' trimRecHeight='31' charValue='61' charOffsetX='6' charOffsetY='0' charAdvanceX='50' />
    <Sprite nameId='SHOWG.TTF' originX='0' originY='0' positionX='230' positionY='102' sourceSizeWidth='32' sourceSizeHeight='100' padding='1' trimmed='0' trimRecX='0' trimRecY='20' trimRecWidth='32' trimRecHeight='43' charValue='62' charOffsetX='4' charOffsetY='0' charAdvanceX='40' />
    <Sprite nameId='SHOWG.TTF' originX='0' originY='0' positionX='264' positionY='102' sourceSizeWidth='43' sourceSizeHeight='100' padding='1' trimmed='0' trimRecX='0' trimRecY='1' trimRecWidth='43' trimRecHeight='80' charValue='63' charOffsetX='4' charOffsetY='0' charAdvanceX='49' />
    <Sprite nameId='SHOWG.TTF' originX='0' originY='0' positionX='309' positionY='102' sourceSizeWidth='73' sourceSizeHeight='100' padding='1' trimmed='0' trimRecX='0' trimRecY='5' trimRecWidth='73' trimRecHeight='73' charValue='64' charOffsetX='1' charOffsetY='0' charAdvanceX='74' />
    <Sprite nameId='SHOWG.TTF' originX='0' originY='0' positionX='384' positionY='102' sourceSizeWidth='63' sourceSizeHeight='100' padding='1' trimmed='0' trimRecX='0' trimRecY='4' trimRecWidth='63' trimRecHeight='77' charValue='65' charOffsetX='-1' charOffsetY='0' charAdvanceX='61' />
    <Sprite nameId='SHOWG.TTF' originX='0' originY='0' positionX='449' positionY='102' sourceSizeWidth='64' sourceSizeHeight='100' padding='1' trimmed='0' trimRecX='0' trimRecY='2' trimRecWidth='64' trimRecHeight='79' charValue='66' charOffsetX='2' charOffsetY='0' charAdvanceX='66' />
    <Sprite nameId='SHOWG.TTF' originX='0' originY='0' positionX='515' positionY='102' sourceSizeWidth='57' sourceSizeHeight='100' padding='1' trimmed='0' trimRecX='0' trimRecY='3' trimRecWidth='57' trimRecHeight='79' charValue='67' charOffsetX='1' charOffsetY='0' charAdvanceX='59' />
    <Sprite nameId='SHOWG.TTF' originX='0' originY='0' positionX='574' positionY='102' sourceSizeWidth='67' sourceSizeHeight='100' padding='1' trimmed='0' trimRecX='0' trimRecY='2' trimRecWidth='67' trimRecHeight='79' charValue='68' charOffsetX='2' charOffsetY='0' charAdvanceX='70' />
    <Sprite nameId='SHOWG.TTF' originX='0' originY='0' positionX='643' positionY='102' sourceSizeWidth='52' sourceSizeHeight='100' padding='1' trimmed='0' trimRecX='0' trimRecY='4' trimRecWidth='52' trimRecHeight='75' charValue='69' charOffsetX='2' charOffsetY='0' charAdvanceX='55' />
    <Sprite nameId='SHOWG.TTF' originX='0' originY='0' positionX='697' positionY='102' sourceSizeWidth='51' sourceSizeHeight='100' padding='1' trimmed='0' trimRecX='0' trimRecY='4' trimRecWidth='51' trimRecHeight='75' charValue='70' charOffsetX='2' charOffsetY='0' charAdvanceX='54' />
    <Sprite nameId='SHOWG.TTF' originX='0' originY='0' positionX='750' positionY='102' sourceSizeWidth='67' sourceSizeHeight='100' padding='1' trimmed='0' trimRecX='0' trimRecY='3' trimRecWidth='67' trimRecHeight='78' charValue='71' charOffsetX='1' charOffsetY='0' charAdvanceX='67' />
    <Sprite nameId='SHOWG.TTF' originX='0' originY='0' positionX='819' positionY='102' sourceSizeWidth='74' sourceSizeHeight='100' padding='1' trimmed='0' trimRecX='0' trimRecY='4' trimRecWidth='74' trimRecHeight='75' charValue='72' charOffsetX='2' charOffsetY='0' charAdvanceX='77' />
    <Sprite nameId='SHOWG.TTF' originX='0' originY='0' positionX='895' positionY='102' sourceSizeWidth='34' sourceSizeHeight='100' padding='1' trimmed='0' trimRecX='0' trimRecY='4' trimRecWidth='34' trimRecHeight='75' charValue='73' charOffsetX='2' charOffsetY='0' charAdvanceX='37' />
    <Sprite nameId='SHOWG.TTF' originX='0' originY='0' positionX='931' positionY='102' sourceSizeWidth='44' sourceSizeHeight='100' padding='1' trimmed='0' trimRecX='0' trimRecY='4' trimRecWidth='44' trimRecHeight='77' charValue='74' charOffsetX='0' charOffsetY='0' charAdvanceX='45' />
    <Sprite nameId='SHOWG.TTF' originX='0' originY='0' positionX='0' positionY='204' sourceSizeWidth='71' sourceSizeHeight='100' padding='1' trimmed='0' trimRecX='0' trimRecY='2' trimRecWidth='71' trimRecHeight='82' charValue='75' charOffsetX='2' charOffsetY='0' charAdvanceX='72' />
    <Sprite nameId='SHOWG.TTF' originX='0' originY='0' positionX='73' positionY='204' sourceSizeWidth='51' sourceSizeHeight='100' padding='1' trimmed='0' trimRecX='0' trimRecY='4' trimRecWidth='51' trimRecHeight='75' charValue='76' charOffsetX='2' charOffsetY='0' charAdvanceX='52' />
    <Sprite nameId='SHOWG.TTF' originX='0' originY='0' positionX='126' positionY='204' sourceSizeWidth='79' sourceSizeHeight='100' padding='1' trimmed='0' trimRecX='0' trimRecY='4' trimRecWidth='79' trimRecHeight='77' charValue='77' charOffsetX='2' charOffsetY='0' charAdvanceX='82' />
    <Sprite nameId='SHOWG.TTF' originX='0' originY='0' positionX='207' positionY='204' sourceSizeWidth='61' sourceSizeHeight='100' padding='1' trimmed='0' trimRecX='0' trimRecY='4' trimRecWidth='60' trimRecHeight='76' charValue='78' charOffsetX='2' charOffsetY='0' charAdvanceX='64' />
    <Sprite nameId='SHOWG.TTF' originX='0' originY='0' positionX='270' positionY='204' sourceSizeWidth='67' sourceSizeHeight='100' padding='1' trimmed='0' trimRecX='0' trimRecY='1' trimRecWidth='67' trimRecHeight='81' charValue='79' charOffsetX='1' charOffsetY='0' charAdvanceX='69' />
    <Sprite nameId='SHOWG.TTF' originX='0' originY='0' positionX='339' positionY='204' sourceSizeWidth='64' sourceSizeHeight='100' padding='1' trimmed='0' trimRecX='0' trimRecY='2' trimRecWidth='64' trimRecHeight='77' charValue='80' charOffsetX='2' charOffsetY='0' charAdvanceX='66' />
    <Sprite nameId='SHOWG.TTF' originX='0' originY='0' positionX='405' positionY='204' sourceSizeWidth='67' sourceSizeHeight='100' padding='1' trimmed='0' trimRecX='0' trimRecY='0' trimRecWidth='67' trimRecHeight='95' charValue='81' charOffsetX='1' charOffsetY='0' charAdvanceX='69' />
    <Sprite nameId='SHOWG.TTF' originX='0' originY='0' positionX='474' positionY='204' sourceSizeWidth='66' sourceSizeHeight='100' padding='1' trimmed='0' trimRecX='0' trimRecY='2' trimRecWidth='66' trimRecHeight='82' charValue='82' charOffsetX='2' charOffsetY='0' charAdvanceX='68' />
    <Sprite nameId='SHOWG.TTF' originX='0' originY='0' positionX='542' positionY='204' sourceSizeWidth='48' sourceSizeHeight='100' padding='1' trimmed='0' trimRecX='0' trimRecY='2' trimRecWidth='48' trimRecHeight='79' charValue='83' charOffsetX='1' charOffsetY='0' charAdvanceX='50' />
    <Sprite nameId='SHOWG.TTF' originX='0' originY='0' positionX='592' positionY='204' sourceSizeWidth='62' sourceSizeHeight='100' padding='1' trimmed='0' trimRecX='0' trimRecY='4' trimRecWidth='62' trimRecHeight='75' charValue='84' charOffsetX='0' charOffsetY='0' charAdvanceX='62' />
    <Sprite nameId='SHOWG.TTF' originX='0' originY='0' positionX='656' positionY='204' sourceSizeWidth='68' sourceSizeHeight='100' padding='1' trimmed='0' trimRecX='0' trimRecY='4' trimRecWidth='68' trimRecHeight='77' charValue='85' charOffsetX='1' charOffsetY='0' charAdvanceX='70' />
    <Sprite nameId='SHOWG.TTF' originX='0' originY='0' positionX='726' positionY='204' sourceSizeWidth='65' sourceSizeHeight='100' padding='1' trimmed='0' trimRecX='0' trimRecY='4' trimRecWidth='65' trimRecHeight='75' charValue='86' charOffsetX='0' charOffsetY='0' charAdvanceX='65' />
    <Sprite nameId='SHOWG.TTF' originX='0' originY='0' positionX='793' positionY='204' sourceSizeWidth='103' sourceSizeHeight='100' padding='1' trimmed='0' trimRecX='0' trimRecY='4' trimRecWidth='103' trimRecHeight='75' charValue='87' charOffsetX='0' charOffsetY='0' charAdvanceX='103' />
    <Sprite nameId='SHOWG.TTF' originX='0' originY='0' positionX='898' positionY='204' sourceSizeWidth='73' sourceSizeHeight='100' padding='1' trimmed='0' trimRecX='0' trimRecY='4' trimRecWidth='73' trimRecHeight='75' charValue='88' charOffsetX='0' charOffsetY='0' charAdvanceX='73' />
    <Sprite nameId='SHOWG.TTF' originX='0' originY='0' positionX='0' positionY='306' sourceSizeWidth='70' sourceSizeHeight='100' padding='1' trimmed='0' trimRecX='0' trimRecY='4' trimRecWidth='70' trimRecHeight='75' charValue='89' charOffsetX='0' charOffsetY='0' charAdvanceX='70' />
    <Sprite nameId='SHOWG.TTF' originX='0' originY='0' positionX='72' positionY='306' sourceSizeWidth='62' sourceSizeHeight='100' padding='1' trimmed='0' trimRecX='0' trimRecY='4' trimRecWidth='61' trimRecHeight='75' charValue='90' charOffsetX='1' charOffsetY='0' charAdvanceX='62' />
    <Sprite nameId='SHOWG.TTF' originX='0' originY='0' positionX='136' positionY='306' sourceSizeWidth='38' sourceSizeHeight='100' padding='1' trimmed='0' trimRecX='0' trimRecY='0' trimRecWidth='38' trimRecHeight='90' charValue='91' charOffsetX='4' charOffsetY='0' charAdvanceX='41' />
    <Sprite nameId='SHOWG.TTF' originX='0' originY='0' positionX='176' positionY='306' sourceSizeWidth='44' sourceSizeHeight='100' padding='1' trimmed='0' trimRecX='0' trimRecY='0' trimRecWidth='44' trimRecHeight='87' charValue='92' charOffsetX='1' charOffsetY='0' charAdvanceX='42' />
    <Sprite nameId='SHOWG.TTF' originX='0' originY='0' positionX='222' positionY='306' sourceSizeWidth='38' sourceSizeHeight='100' padding='1' trimmed='0' trimRecX='0' trimRecY='0' trimRecWidth='38' trimRecHeight='90' charValue='93' charOffsetX='0' charOffsetY='0' charAdvanceX='41' />
    <Sprite nameId='SHOWG.TTF' originX='0' originY='0' positionX='262' positionY='306' sourceSizeWidth='40' sourceSizeHeight='100' padding='1' trimmed='0' trimRecX='0' trimRecY='26' trimRecWidth='40' trimRecHeight='27' charValue='94' charOffsetX='12' charOffsetY='0' charAdvanceX='62' />
    <Sprite nameId='SHOWG.TTF' originX='0' originY='0' positionX='304' positionY='306' sourceSizeWidth='50' sourceSizeHeight='100' padding='1' trimmed='0' trimRecX='0' trimRecY='83' trimRecWidth='50' trimRecHeight='13' charValue='95' charOffsetX='0' charOffsetY='0' charAdvanceX='50' />
    <Sprite nameId='SHOWG.TTF' originX='0' originY='0' positionX='356' positionY='306' sourceSizeWidth='28' sourceSizeHeight='100' padding='1' trimmed='0' trimRecX='22' trimRecY='0' trimRecWidth='2' trimRecHeight='1' charValue='96' charOffsetX='18' charOffsetY='0' charAdvanceX='62' />
    <Sprite nameId='SHOWG.TTF' originX='0' originY='0' positionX='386' positionY='306' sourceSizeWidth='63' sourceSizeHeight='100' padding='1' trimmed='0' trimRecX='0' trimRecY='4' trimRecWidth='63' trimRecHeight='77' charValue='97' charOffsetX='-1' charOffsetY='0' charAdvanceX='61' />
    <Sprite nameId='SHOWG.TTF' originX='0' originY='0' positionX='451' positionY='306' sourceSizeWidth='64' sourceSizeHeight='100' padding='1' trimmed='0' trimRecX='0' trimRecY='2' trimRecWidth='64' trimRecHeight='79' charValue='98' charOffsetX='2' charOffsetY='0' charAdvanceX='66' />
    <Sprite nameId='SHOWG.TTF' originX='0' originY='0' positionX='517' positionY='306' sourceSizeWidth='57' sourceSizeHeight='100' padding='1' trimmed='0' trimRecX='0' trimRecY='3' trimRecWidth='57' trimRecHeight='79' charValue='99' charOffsetX='1' charOffsetY='0' charAdvanceX='59' />
    <Sprite nameId='SHOWG.TTF' originX='0' originY='0' positionX='576' positionY='306' sourceSizeWidth='67' sourceSizeHeight='100' padding='1' trimmed='0' trimRecX='0' trimRecY='2' trimRecWidth='67' trimRecHeight='79' charValue='100' charOffsetX='2' charOffsetY='0' charAdvanceX='70' />
    <Sprite nameId='SHOWG.TTF' originX='0' originY='0' positionX='645' positionY='306' sourceSizeWidth='52' sourceSizeHeight='100' padding='1' trimmed='0' trimRecX='0' trimRecY='4' trimRecWidth='52' trimRecHeight='75' charValue='101' charOffsetX='2' charOffsetY='0' charAdvanceX='55' />
    <Sprite nameId='SHOWG.TTF' originX='0' originY='0' positionX='699' positionY='306' sourceSizeWidth='51' sourceSizeHeight='100' padding='1' trimmed='0' trimRecX='0' trimRecY='4' trimRecWidth='51' trimRecHeight='75' charValue='102' charOffsetX='2' charOffsetY='0' charAdvanceX='54' />
    <Sprite nameId='SHOWG.TTF' originX='0' originY='0' positionX='752' positionY='306' sourceSizeWidth='67' sourceSizeHeight='100' padding='1' trimmed='0' trimRecX='0' trimRecY='3' trimRecWidth='67' trimRecHeight='78' charValue='103' charOffsetX='1' charOffsetY='0' charAdvanceX='67' />
    <Sprite nameId='SHOWG.TTF' originX='0' originY='0' positionX='821' positionY='306' sourceSizeWidth='74' sourceSizeHeight='100' padding='1' trimmed='0' trimRecX='0' trimRecY='4' trimRecWidth='74' trimRecHeight='75' charValue='104' charOffsetX='2' charOffsetY='0' charAdvanceX='77' />
    <Sprite nameId='SHOWG.TTF' originX='0' originY='0' positionX='897' positionY='306' sourceSizeWidth='34' sourceSizeHeight='100' padding='1' trimmed='0' trimRecX='0' trimRecY='4' trimRecWidth='34' trimRecHeight='75' charValue='105' charOffsetX='2' charOffsetY='0' charAdvanceX='37' />
    <Sprite nameId='SHOWG.TTF' originX='0' originY='0' positionX='933' positionY='306' sourceSizeWidth='44' sourceSizeHeight='100' padding='1' trimmed='0' trimRecX='0' trimRecY='4' trimRecWidth='44' trimRecHeight='77' charValue='106' charOffsetX='0' charOffsetY='0' charAdvanceX='45' />
    <Sprite nameId='SHOWG.TTF' originX='0' originY='0' positionX='0' positionY='408' sourceSizeWidth='71' sourceSizeHeight='100' padding='1' trimmed='0' trimRecX='0' trimRecY='2' trimRecWidth='71' trimRecHeight='82' charValue='107' charOffsetX='2' charOffsetY='0' charAdvanceX='72' />
    <Sprite nameId='SHOWG.TTF' originX='0' originY='0' positionX='73' positionY='408' sourceSizeWidth='51' sourceSizeHeight='100' padding='1' trimmed='0' trimRecX='0' trimRecY='4' trimRecWidth='51' trimRecHeight='75' charValue='108' charOffsetX='2' charOffsetY='0' charAdvanceX='52' />
    <Sprite nameId='SHOWG.TTF' originX='0' originY='0' positionX='126' positionY='408' sourceSizeWidth='79' sourceSizeHeight='100' padding='1' trimmed='0' trimRecX='0' trimRecY='4' trimRecWidth='79' trimRecHeight='77' charValue='109' charOffsetX='2' charOffsetY='0' charAdvanceX='82' />
    <Sprite nameId='SHOWG.TTF' originX='0' originY='0' positionX='207' positionY='408' sourceSizeWidth='61' sourceSizeHeight='100' padding='1' trimmed='0' trimRecX='0' trimRecY='4' trimRecWidth='60' trimRecHeight='76' charValue='110' charOffsetX='2' charOffsetY='0' charAdvanceX='64' />
    <Sprite nameId='SHOWG.TTF' originX='0' originY='0' positionX='270' positionY='408' sourceSizeWidth='67' sourceSizeHeight='100' padding='1' trimmed='0' trimRecX='0' trimRecY='1' trimRecWidth='67' trimRecHeight='81' charValue='111' charOffsetX='1' charOffsetY='0' charAdvanceX='69' />
    <Sprite nameId='SHOWG.TTF' originX='0' originY='0' positionX='339' positionY='408' sourceSizeWidth='64' sourceSizeHeight='100' padding='1' trimmed='0' trimRecX='0' trimRecY='2' trimRecWidth='64' trimRecHeight='77' charValue='112' charOffsetX='2' charOffsetY='0' charAdvanceX='66' />
    <Sprite nameId='SHOWG.TTF' originX='0' originY='0' positionX='405' positionY='408' sourceSizeWidth='67' sourceSizeHeight='100' padding='1' trimmed='0' trimRecX='0' trimRecY='0' trimRecWidth='67' trimRecHeight='95' charValue='113' charOffsetX='1' charOffsetY='0' charAdvanceX='69' />
    <Sprite nameId='SHOWG.TTF' originX='0' originY='0' positionX='474' positionY='408' sourceSizeWidth='66' sourceSizeHeight='100' padding='1' trimmed='0' trimRecX='0' trimRecY='2' trimRecWidth='66' trimRecHeight='82' charValue='114' charOffsetX='2' charOffsetY='0' charAdvanceX='68' />
    <Sprite nameId='SHOWG.TTF' originX='0' originY='0' positionX='542' positionY='408' sourceSizeWidth='48' sourceSizeHeight='100' padding='1' trimmed='0' trimRecX='0' trimRecY='2' trimRecWidth='48' trimRecHeight='79' charValue='115' charOffsetX='1' charOffsetY='0' charAdvanceX='50' />
    <Sprite nameId='SHOWG.TTF' originX='0' originY='0' positionX='592' positionY='408' sourceSizeWidth='62' sourceSizeHeight='100' padding='1' trimmed='0' trimRecX='0' trimRecY='4' trimRecWidth='62' trimRecHeight='75' charValue='116' charOffsetX='0' charOffsetY='0' charAdvanceX='62' />
    <Sprite nameId='SHOWG.TTF' originX='0' originY='0' positionX='656' positionY='408' sourceSizeWidth='68' sourceSizeHeight='100' padding='1' trimmed='0' trimRecX='0' trimRecY='4' trimRecWidth='68' trimRecHeight='77' charValue='117' charOffsetX='1' charOffsetY='0' charAdvanceX='70' />
    <Sprite nameId='SHOWG.TTF' originX='0' originY='0' positionX='726' positionY='408' sourceSizeWidth='65' sourceSizeHeight='100' padding='1' trimmed='0' trimRecX='0' trimRecY='4' trimRecWidth='65' trimRecHeight='75' charValue='118' charOffsetX='0' charOffsetY='0' charAdvanceX='65' />
    <Sprite nameId='SHOWG.TTF' originX='0' originY='0' positionX='793' positionY='408' sourceSizeWidth='103' sourceSizeHeight='100' padding='1' trimmed='0' trimRecX='0' trimRecY='4' trimRecWidth='103' trimRecHeight='75' charValue='119' charOffsetX='0' charOffsetY='0' charAdvanceX='103' />
    <Sprite nameId='SHOWG.TTF' originX='0' originY='0' positionX='898' positionY='408' sourceSizeWidth='73' sourceSizeHeight='100' padding='1' trimmed='0' trimRecX='0' trimRecY='4' trimRecWidth='73' trimRecHeight='75' charValue='120' charOffsetX='0' charOffsetY='0' charAdvanceX='73' />
    <Sprite nameId='SHOWG.TTF' originX='0' originY='0' positionX='0' positionY='510' sourceSizeWidth='70' sourceSizeHeight='100' padding='1' trimmed='0' trimRecX='0' trimRecY='4' trimRecWidth='70' trimRecHeight='75' charValue='121' charOffsetX='0' charOffsetY='0' charAdvanceX='70' />
    <Sprite nameId='SHOWG.TTF' originX='0' originY='0' positionX='72' positionY='510' sourceSizeWidth='62' sourceSizeHeight='100' padding='1' trimmed='0' trimRecX='0' trimRecY='4' trimRecWidth='61' trimRecHeight='75' charValue='122' charOffsetX='1' charOffsetY='0' charAdvanceX='62' />
    <Sprite nameId='SHOWG.TTF' originX='0' originY='0' positionX='136' positionY='510' sourceSizeWidth='38' sourceSizeHeight='100' padding='1' trimmed='0' trimRecX='0' trimRecY='0' trimRecWidth='38' trimRecHeight='100' charValue='123' charOffsetX='2' charOffsetY='0' charAdvanceX='41' />
    <Sprite nameId='SHOWG.TTF' originX='0' originY='0' positionX='176' positionY='510' sourceSizeWidth='16' sourceSizeHeight='100' padding='1' trimmed='0' trimRecX='0' trimRecY='0' trimRecWidth='16' trimRecHeight='91' charValue='124' charOffsetX='2' charOffsetY='0' charAdvanceX='20' />
    <Sprite nameId='SHOWG.TTF' originX='0' originY='0' positionX='194' positionY='510' sourceSizeWidth='38' sourceSizeHeight='100' padding='1' trimmed='0' trimRecX='0' trimRecY='0' trimRecWidth='38' trimRecHeight='100' charValue='125' charOffsetX='2' charOffsetY='0' charAdvanceX='41' />
    <Sprite nameId='SHOWG.TTF' originX='0' originY='0' positionX='234' positionY='510' sourceSizeWidth='51' sourceSizeHeight='100' padding='1' trimmed='0' trimRecX='0' trimRecY='35' trimRecWidth='50' trimRecHeight='16' charValue='126' charOffsetX='6' charOffsetY='0' charAdvanceX='62' />
</AtlasTexture>
